Price,Address_x,Address_y,Bedrooms,Baths,Area
550000.0,53.31673005,-6.295232049999996,3.0,2.0,108.0
550000.0,53.38143455,-6.246925099334277,3.0,2.0,175.0
250000.0,53.3768047,-6.268684463712985,2.0,1.0,52.0
345000.0,52.2040429,0.1042596519933706,3.0,3.0,110.0
325000.0,53.3334215,-6.2914261,2.0,1.0,73.0
605000.0,53.357088,-6.373371,4.0,4.0,130.0
245000.0,53.3868998,-6.3775408,2.0,1.0,60.0
900000.0,53.3667036,-6.25594049796138,4.0,3.0,174.0
620000.0,53.3527237,-6.284753657396455,5.0,2.0,145.0
1200000.0,53.32310543333333,-6.25828,4.0,1.0,165.0
390000.0,53.38548025,-6.24852055,3.0,2.0,111.0
375000.0,53.2988099,-6.2855388,2.0,2.0,66.0
2500000.0,53.3858337,-6.0651186,6.0,4.0,366.0
270000.0,52.9483549,-1.243318161953952,2.0,2.0,67.0
675000.0,53.2917611,-6.233523467811359,4.0,2.0,158.0
1750000.0,-43.4782707,172.5920719074373,6.0,8.0,230.0
450000.0,53.37046685,-6.2507389,2.0,1.0,94.0
485000.0,-43.4782707,172.5920719074373,3.0,2.0,121.0
349950.0,53.3394635,-6.3209233,3.0,1.0,81.0
395000.0,-26.0808328,28.1962283,2.0,2.0,75.0
825000.0,46.3144754,11.0480288,3.0,2.0,111.0
595000.0,53.3086291,-6.1966518,2.0,2.0,85.0
1400000.0,53.3099564,-6.2631069,3.0,3.0,170.0
550000.0,53.3909114,-6.1477733,4.0,1.0,132.0
795000.0,55.9528635,-3.1145573,2.0,2.0,123.0
275000.0,53.2889441,-6.3842703,3.0,1.0,82.0
695000.0,53.3640783,-6.2739369,4.0,2.0,126.0
470000.0,53.3123634,-6.312810139573179,3.0,1.0,98.0
845000.0,53.3018639,-6.1788342,2.0,2.0,130.0
555000.0,46.3144754,11.0480288,3.0,2.0,111.0
540000.0,52.3965418,-6.9454111,3.0,2.0,82.0
285000.0,53.383333,-6.416667,3.0,1.0,84.0
450000.0,40.4562165,-74.4432073,2.0,2.0,88.0
495000.0,53.3833942,-6.246446283018862,4.0,2.0,132.0
370000.0,53.3468773,-6.3457632,3.0,2.0,111.0
395000.0,53.3610883,-6.2713186,3.0,1.0,72.0
295000.0,41.5523285,-80.38160130108507,3.0,2.0,90.0
385000.0,53.3724634,-6.3352655,2.0,2.0,111.0
285000.0,51.522843,-0.1609526775798566,2.0,1.0,62.0
1450000.0,53.2922794,-6.1360079,5.0,5.0,250.0
465000.0,53.2511317,-6.183697673204383,2.0,2.0,118.0
345000.0,53.39490555,-6.228093555076312,3.0,2.0,111.0
450000.0,53.3410462,-6.3072776,2.0,2.0,70.0
550000.0,53.3398189,-6.2381879,2.0,2.0,74.0
1395000.0,48.8555764,2.2702166,5.0,3.0,254.0
4750000.0,53.266813,-6.1838379,5.0,4.0,414.0
430000.0,53.26713595,-6.170337799999994,3.0,1.0,84.0
950000.0,53.2888378,-6.198343,3.0,2.0,38.0
895000.0,53.3137922,-6.2523772,4.0,3.0,158.0
525000.0,53.3610883,-6.2713186,2.0,1.0,71.0
750000.0,-43.4782707,172.5920719074373,3.0,2.0,127.0
325000.0,53.37642235,-6.390999050716502,3.0,2.0,121.0
375000.0,53.4104332,-6.4404037,3.0,3.0,100.0
395000.0,39.8340699375,-84.8982674375,3.0,3.0,104.0
3000000.0,53.3291947,-6.2313316,5.0,4.0,341.0
590000.0,53.37796695,-6.357690775760451,3.0,3.0,108.0
350000.0,40.7156796,-74.0015966,2.0,1.0,62.0
750000.0,53.37421755,-6.358916746666051,4.0,3.0,132.0
325000.0,43.1429949,-80.272584,2.0,1.0,48.0
1095000.0,53.29542235,-6.294723965390171,5.0,4.0,227.0
675000.0,53.2988099,-6.2855388,3.0,2.0,124.0
300000.0,45.37635,-95.678651,1.0,1.0,111.0
325000.0,53.3313833,-6.3399741,2.0,2.0,71.0
1100000.0,53.2812377,-6.1231083,4.0,4.0,176.0
575000.0,53.2734057,-6.2505396,3.0,1.0,100.0
850000.0,53.2756245,-6.1032043,4.0,2.0,120.0
640000.0,53.24907245,-6.177839350216242,4.0,4.0,150.0
350000.0,53.3584282,-6.2416181,3.0,3.0,105.0
260000.0,53.4104332,-6.4404037,2.0,2.0,79.0
250000.0,53.4104332,-6.4404037,2.0,1.0,65.0
280000.0,22.42465205,114.22810878645944,1.0,1.0,33.0
315000.0,53.3971578,-6.2454723,3.0,2.0,117.0
795000.0,-43.4782707,172.5920719074373,5.0,1.0,163.0
575000.0,53.2756245,-6.1032043,2.0,1.0,80.0
489500.0,53.2927477,-6.2293398,2.0,2.0,87.0
3250000.0,48.509465,-101.8851618,5.0,6.0,372.0
295000.0,53.3576681,-6.240009003419805,3.0,1.0,78.0
335000.0,53.341944,-6.226389,2.0,1.0,72.0
545000.0,-43.4782707,172.5920719074373,4.0,2.0,170.0
1375000.0,53.3760261,-6.089497083150883,5.0,2.0,186.0
275000.0,53.4009603,-6.194032391656853,4.0,1.0,90.0
290000.0,53.3971578,-6.2454723,2.0,2.0,69.0
259000.0,53.32517125,-6.380009849999995,2.0,1.0,111.0
265000.0,42.6161361,21.4188683,2.0,1.0,54.0
1150000.0,53.3654115,-6.1951817,4.0,2.0,221.0
995000.0,55.9528635,-3.1145573,3.0,3.0,152.0
550000.0,53.2888378,-6.198343,3.0,2.0,98.0
595000.0,53.2978734,-6.304288,3.0,2.0,100.0
585000.0,6.7053776,-1.6203458,5.0,3.0,147.0
745000.0,53.3581437,-6.2879166,4.0,2.0,141.0
725000.0,53.3700615,-6.1956231,3.0,2.0,100.0
395000.0,51.551824,-0.2609411,4.0,1.0,89.0
265000.0,53.3275891,-6.4084417,3.0,2.0,102.0
465000.0,53.339619,-6.2394801,3.0,2.0,88.0
585000.0,53.2951418,-6.2967453,3.0,1.0,108.0
595000.0,51.2682777,-1.0891264,2.0,2.0,70.0
260000.0,53.4104332,-6.4404037,2.0,2.0,84.0
345000.0,53.3934759,-6.3711888,2.0,3.0,111.0
595000.0,53.3680988,-6.2554727,3.0,3.0,147.0
360000.0,53.341944,-6.226389,1.0,1.0,51.0
350000.0,53.2723002,-6.3369107,2.0,1.0,111.0
500000.0,53.42942565,-6.381511008420874,4.0,3.0,195.0
220000.0,53.3729581,-6.3624744,1.0,1.0,44.0
750000.0,53.3018639,-6.1788342,3.0,2.0,110.0
775000.0,53.2869263,-6.1835144,4.0,2.0,134.0
290000.0,53.341944,-6.226389,1.0,1.0,46.0
950000.0,53.2988099,-6.2855388,4.0,2.0,192.0
245000.0,53.380004,-6.3979347,2.0,2.0,62.0
495000.0,53.283554,-6.126394150000002,2.0,2.0,69.0
260000.0,53.3118481,-6.2744692,1.0,1.0,46.0
780000.0,53.3800808,-6.177625,4.0,3.0,182.0
549000.0,53.4085711,-6.1767129,5.0,4.0,174.0
395000.0,46.9455428,7.4367477,2.0,2.0,68.0
1250000.0,48.509465,-101.8851618,3.0,4.0,170.0
295000.0,53.3576315,-6.240057299999992,3.0,1.0,78.0
375000.0,53.4104332,-6.4404037,3.0,3.0,111.0
1695000.0,53.3268527,-6.2573033,3.0,2.0,228.0
635000.0,40.4562165,-74.4432073,2.0,2.0,104.0
525000.0,53.32799985,-6.220962401377369,2.0,1.0,62.0
425000.0,53.341944,-6.226389,2.0,1.0,57.0
275000.0,53.3410462,-6.3072776,2.0,1.0,59.0
285000.0,53.2944354,-6.4279758,3.0,2.0,111.0
295000.0,-43.4782707,172.5920719074373,3.0,2.0,4.0
695000.0,53.3263097,-6.2780042,3.0,2.0,106.0
950000.0,53.3680988,-6.2554727,4.0,4.0,250.0
305000.0,53.350961,-6.23531433168335,2.0,1.0,56.0
1250000.0,53.2906802,-6.2376422,4.0,2.0,175.0
275000.0,52.2040429,0.1042596519933706,2.0,2.0,82.0
320000.0,53.3858337,-6.0651186,1.0,1.0,55.0
595000.0,53.298726900000005,-6.252749868092909,3.0,1.0,90.0
3975000.0,53.3118481,-6.2744692,5.0,4.0,341.0
325000.0,53.326804,-6.2441586,1.0,1.0,42.0
350000.0,53.3630813,-6.249984671919432,2.0,1.0,63.0
395000.0,53.3410462,-6.3072776,2.0,1.0,73.0
450000.0,53.3515118,-6.2830446,2.0,2.0,95.0
395000.0,53.398817300000005,-6.240011972494011,4.0,3.0,111.0
295000.0,53.2988099,-6.2855388,1.0,1.0,46.0
1175000.0,53.2756245,-6.1032043,4.0,3.0,195.0
6900000.0,53.2756245,-6.1032043,5.0,5.0,655.0
1190000.0,53.3018639,-6.1788342,3.0,2.0,120.0
255000.0,53.4104332,-6.4404037,2.0,1.0,75.0
425000.0,53.341944,-6.226389,2.0,2.0,66.0
470000.0,48.8555764,2.2702166,2.0,1.0,111.0
695000.0,53.2812377,-6.1231083,4.0,2.0,126.0
395000.0,51.5181074,-0.1123604,2.0,2.0,76.0
575000.0,53.2705921,-6.3284704,4.0,3.0,146.0
295000.0,29.3498545,-81.0699819,2.0,1.0,65.0
450000.0,46.9455428,7.4367477,2.0,2.0,74.0
740000.0,46.3144754,11.0480288,3.0,2.0,111.0
235000.0,53.389167,-6.296944,2.0,1.0,71.0
269000.0,53.3219624,-6.3942689,3.0,2.0,111.0
1250000.0,53.2553845,-6.11304,2.0,3.0,243.0
425000.0,53.3549985,-6.2307946,3.0,1.0,94.0
535000.0,40.4562165,-74.4432073,3.0,2.0,96.0
222500.0,53.389167,-6.296944,2.0,2.0,111.0
179950.0,53.4124532,-6.210960816843228,2.0,1.0,111.0
299000.0,53.2646737,-6.3713819,2.0,1.0,111.0
230000.0,34.1064001,-117.3703235,1.0,1.0,39.0
445000.0,53.3515118,-6.2830446,2.0,1.0,80.0
350000.0,53.2612843,-6.1505691,2.0,2.0,77.0
170000.0,53.3893213,-6.200352,2.0,2.0,85.0
265000.0,35.5085531,-78.33936,2.0,1.0,56.0
470000.0,53.272364,-6.3563825,3.0,3.0,133.0
1200000.0,48.8555764,2.2702166,3.0,2.0,185.0
550000.0,45.4258616,-75.4310808,3.0,2.0,118.0
305000.0,53.3941265,-6.2041566,4.0,1.0,80.0
650000.0,51.8483695,-8.3333967,2.0,2.0,104.0
395000.0,53.2612843,-6.1505691,2.0,2.0,79.0
385000.0,53.3566914,-6.2409766,2.0,1.0,99.0
395000.0,53.2978033,-6.2810531,2.0,1.0,111.0
375000.0,53.4050028,-2.9922097,3.0,1.0,111.0
170000.0,53.3469353,-6.2832015,1.0,1.0,111.0
200000.0,53.3473422,-6.285267,2.0,1.0,111.0
360000.0,53.3510298,-6.240045523006135,2.0,2.0,111.0
745000.0,55.8605229,-4.0216087,3.0,1.0,109.0
1475000.0,53.2553845,-6.11304,3.0,3.0,242.0
320000.0,51.6781517,-3.1404356,2.0,1.0,111.0
380000.0,53.3394635,-6.3209233,3.0,1.0,111.0
895000.0,53.32799985,-6.220962401377369,3.0,3.0,145.0
2250000.0,53.3008201,-6.189457590991218,5.0,4.0,278.0
595000.0,53.3676927,-6.2554355,4.0,2.0,173.0
355000.0,53.3199312,-6.3897228,3.0,1.0,95.0
325000.0,-43.4782707,172.5920719074373,2.0,2.0,64.0
195000.0,53.2878314,-6.3622774,2.0,2.0,79.0
215000.0,53.2705921,-6.3284704,1.0,1.0,59.0
365000.0,53.3871362,-6.245242807997613,2.0,1.0,61.0
315000.0,53.3219624,-6.3942689,3.0,2.0,111.0
300000.0,53.321495,-6.3820845,3.0,3.0,111.0
270000.0,53.28642095,-6.35458635,3.0,1.0,75.0
385000.0,53.3566914,-6.2409766,2.0,1.0,99.0
209000.0,48.8555764,2.2702166,3.0,1.0,111.0
560000.0,40.4562165,-74.4432073,2.0,2.0,90.0
295000.0,53.4104332,-6.4404037,2.0,3.0,72.0
424950.0,34.1064001,-117.3703235,3.0,1.0,111.0
795000.0,53.2838787,-6.3181903,4.0,3.0,111.0
395000.0,53.3410462,-6.3072776,2.0,1.0,62.0
595000.0,53.3801975,-6.1751462,3.0,2.0,107.0
595000.0,53.2803357,-6.2483876,3.0,1.0,92.0
625000.0,53.2884307,-6.126215011607295,3.0,2.0,111.0
895000.0,53.2975984,-6.1938277,3.0,2.0,110.0
185000.0,54.9957499,-7.3322608,1.0,1.0,111.0
475000.0,53.2838787,-6.3181903,2.0,2.0,116.0
495000.0,53.3303497,-6.3410163,4.0,2.0,103.0
289000.0,53.39711775,-6.2216686,3.0,1.0,74.0
230000.0,54.9812653,-1.5978002,2.0,1.0,111.0
190000.0,53.4050212,-6.2904717,1.0,2.0,111.0
995000.0,53.3086585,-6.2006672856502245,4.0,2.0,143.0
230000.0,53.4026057,-6.2949614,3.0,2.0,111.0
305000.0,53.3893213,-6.200352,4.0,1.0,80.0
625000.0,53.27109765,-6.24772065,3.0,3.0,123.0
395000.0,42.6161361,21.4188683,3.0,2.0,116.0
250000.0,53.3423203,-6.3488839,3.0,1.0,80.0
875000.0,53.2878805,-6.1455132,4.0,2.0,198.0
325000.0,52.67959755,-7.066966131501799,2.0,2.0,78.0
1050000.0,53.3018639,-6.1788342,4.0,3.0,175.0
1700000.0,53.3691089,-6.354688338855736,4.0,3.0,207.0
395000.0,53.3589178,-6.3773456,4.0,3.0,110.0
250000.0,53.3566485,-6.269471,2.0,1.0,111.0
215000.0,53.3858698,-6.1854911,3.0,1.0,111.0
645000.0,53.31317945,-6.280548069577728,3.0,2.0,117.0
310000.0,33.63966845,-79.01633061015295,2.0,1.0,64.0
295000.0,53.3326837,-6.3346134,3.0,1.0,109.0
375000.0,53.341944,-6.226389,2.0,1.0,52.0
475000.0,53.383333,-6.416667,4.0,3.0,153.0
289000.0,53.3175665,-6.4121006,3.0,1.0,111.0
330000.0,55.8605229,-4.0216087,3.0,2.0,72.0
725000.0,53.2581137,-6.215902860364919,4.0,3.0,168.0
250000.0,53.3394635,-6.3209233,2.0,1.0,55.0
340000.0,53.3948967,-6.3022617,3.0,1.0,97.0
545000.0,53.2922794,-6.1360079,3.0,2.0,111.0
220000.0,53.2878314,-6.3622774,2.0,2.0,111.0
275000.0,53.3426693,-6.3590839,2.0,2.0,87.0
1700000.0,53.37516925,-6.0562387,5.0,5.0,312.0
295000.0,53.308515071428566,-6.2849781857142855,2.0,1.0,42.0
750000.0,53.36159345,-6.291234627669833,4.0,3.0,150.0
675000.0,-26.0808328,28.1962283,2.0,1.0,105.0
900000.0,53.3118481,-6.2744692,2.0,3.0,111.0
750000.0,53.28833285,-6.22106662216963,3.0,2.0,150.0
395000.0,53.3926,-6.160596549999999,3.0,2.0,143.0
325000.0,51.8750216,-8.3413808,2.0,1.0,111.0
300000.0,53.3730185,-6.3309672,2.0,1.0,52.0
220000.0,54.8743698,-6.47077844189967,2.0,1.0,111.0
250000.0,53.42008955,-6.3917177085990895,2.0,2.0,111.0
525000.0,54.9812653,-1.5978002,3.0,1.0,80.0
515000.0,53.2855266,-6.126284200000001,2.0,1.0,63.0
290000.0,51.551824,-0.2609411,3.0,1.0,112.0
225000.0,53.4047016,-6.183472759003999,2.0,2.0,111.0
285000.0,41.5523285,-80.38160130108507,3.0,1.0,110.0
449000.0,53.4007619,-6.236899064511563,4.0,3.0,111.0
325000.0,53.3018639,-6.1788342,1.0,1.0,50.0
275000.0,53.2826637,-6.349319400000001,3.0,1.0,80.0
1500000.0,53.2855387,-6.2766446,4.0,3.0,208.0
795000.0,53.29189145,-6.19049605,4.0,2.0,144.0
450000.0,45.4258616,-75.4310808,3.0,1.0,102.0
695000.0,53.3086291,-6.1966518,3.0,2.0,128.0
395000.0,53.2891457,-6.2433756,2.0,2.0,62.0
495000.0,53.3773852,-6.3981233,3.0,3.0,138.0
375000.0,53.3410462,-6.3072776,2.0,1.0,91.0
995000.0,53.3055697,-6.2368608,3.0,3.0,170.0
595000.0,42.6161361,21.4188683,3.0,1.0,102.0
525000.0,53.3801975,-6.1751462,3.0,2.0,115.0
395000.0,40.133153,-75.9646642,2.0,1.0,62.0
325000.0,53.3469353,-6.2832015,2.0,1.0,51.0
335000.0,53.3777865,-6.3271895,2.0,2.0,86.0
300000.0,53.3421974,-6.2738001,2.0,1.0,59.0
260000.0,53.3967305,-6.376021,3.0,1.0,81.0
199000.0,53.36006185,-6.241689373736177,1.0,1.0,35.0
500000.0,53.3729581,-6.3624744,4.0,2.0,107.0
545000.0,53.2812576,-6.3213829,3.0,3.0,115.0
895000.0,-26.0808328,28.1962283,5.0,4.0,177.0
795000.0,53.2880936,-6.1795401,4.0,3.0,125.0
285000.0,45.37635,-95.678651,1.0,1.0,32.0
295000.0,46.9455428,7.4367477,1.0,1.0,42.0
385000.0,53.3958303,-6.1285497,3.0,2.0,135.0
850000.0,53.32437475,-6.2434083812999805,3.0,1.0,109.0
235000.0,51.1156125,0.6459125,1.0,1.0,111.0
325000.0,53.37059775,-6.298287269538122,2.0,1.0,60.0
395000.0,53.32799985,-6.220962401377369,1.0,1.0,74.0
420000.0,-43.4782707,172.5920719074373,3.0,1.0,87.0
250000.0,53.3303497,-6.3410163,3.0,2.0,90.0
424950.0,53.2922794,-6.1360079,2.0,2.0,70.0
389000.0,53.3219624,-6.3942689,3.0,1.0,104.0
495000.0,53.3587509,-6.1938702,2.0,1.0,74.0
525000.0,53.3073281,-6.3192687,3.0,2.0,130.0
575000.0,53.2988099,-6.2855388,3.0,3.0,101.0
645000.0,53.2891457,-6.2433756,3.0,3.0,129.0
1300000.0,53.3220123,-6.238784,5.0,3.0,180.0
324950.0,53.3610883,-6.2713186,2.0,1.0,111.0
390000.0,40.4562165,-74.4432073,2.0,1.0,65.0
325000.0,53.3958303,-6.1285497,3.0,2.0,104.0
300000.0,53.3213128,-6.314390506565603,2.0,2.0,111.0
190000.0,25.7824746,-80.1906637,2.0,2.0,62.0
215000.0,53.2878314,-6.3622774,2.0,1.0,68.0
575000.0,53.36979125,-6.383258493867082,3.0,3.0,113.0
590000.0,45.4258616,-75.4310808,3.0,3.0,111.0
279000.0,46.9455428,7.4367477,1.0,1.0,40.0
250000.0,53.33521795,-6.287851051522152,1.0,1.0,42.0
259000.0,53.4085711,-6.1767129,2.0,1.0,69.0
470000.0,54.9812653,-1.5978002,2.0,3.0,85.0
800000.0,53.3086291,-6.1966518,4.0,3.0,161.0
200000.0,53.3263097,-6.2780042,3.0,2.0,111.0
750000.0,53.2988099,-6.2855388,3.0,2.0,118.0
420000.0,53.32799985,-6.220962401377369,2.0,2.0,111.0
520000.0,53.3729581,-6.3624744,2.0,2.0,94.0
275000.0,53.3265199,-6.2648571,1.0,1.0,36.0
525000.0,42.6161361,21.4188683,3.0,1.0,105.0
289950.0,53.3202292,-6.4101763,3.0,1.0,74.0
345000.0,53.3394635,-6.3209233,3.0,1.0,80.0
1500000.0,53.2553845,-6.11304,4.0,2.0,180.0
225000.0,53.389167,-6.296944,2.0,1.0,65.0
525000.0,54.4386652,-6.3570789,3.0,1.0,128.0
230000.0,53.3753962,-6.383297153927415,1.0,1.0,49.0
795000.0,53.3086291,-6.1966518,4.0,3.0,137.0
295000.0,53.3948616,-6.2651936,4.0,3.0,100.0
235000.0,53.42008955,-6.3917177085990895,2.0,3.0,81.0
495000.0,53.2484203,-6.1792455,3.0,3.0,111.0
175000.0,52.67959755,-7.066966131501799,3.0,2.0,8.0
280000.0,53.2705921,-6.3284704,2.0,2.0,111.0
550000.0,53.28485595,-6.1970595500000005,3.0,2.0,111.0
280000.0,53.3468773,-6.3457632,2.0,2.0,60.0
825000.0,53.3739177,-6.254951322014698,4.0,2.0,145.0
235000.0,53.3118481,-6.2744692,1.0,1.0,35.0
310000.0,53.3729581,-6.3624744,3.0,2.0,111.0
525000.0,53.290579,-6.2865936,3.0,1.0,70.0
245000.0,53.3434829,-6.3388425,2.0,1.0,66.0
595000.0,42.6161361,21.4188683,3.0,1.0,102.0
300000.0,42.548466,-82.874217,2.0,1.0,56.0
295000.0,53.31746615,-6.307323649999999,3.0,2.0,111.0
235000.0,25.7824746,-80.1906637,2.0,2.0,91.0
725000.0,53.3680988,-6.2554727,6.0,3.0,170.0
475000.0,53.3661802,-6.28385295079634,3.0,2.0,98.0
470000.0,53.2988099,-6.2855388,2.0,2.0,85.0
560000.0,53.2988099,-6.2855388,3.0,2.0,115.0
575000.0,48.509465,-101.8851618,1.0,1.0,86.0
495000.0,53.30500895,-6.1875295827894,2.0,1.0,61.0
275000.0,-27.4791091,152.9515407,1.0,1.0,48.0
395000.0,53.30389435,-6.201980148107156,2.0,1.0,58.0
1300000.0,53.3291947,-6.2313316,3.0,3.0,184.0
1250000.0,53.2756245,-6.1032043,4.0,4.0,193.0
575000.0,53.3682066,-6.3188858,5.0,2.0,158.0
159500.0,53.3219624,-6.3942689,1.0,1.0,111.0
575000.0,53.3291947,-6.2313316,2.0,1.0,59.0
620000.0,53.3328052,-6.23912719737058,3.0,3.0,93.0
205000.0,53.3524576,-6.267843515577479,1.0,1.0,41.0
280000.0,53.3647436,-6.2830075,2.0,1.0,61.0
280000.0,53.2705921,-6.3284704,2.0,1.0,63.0
685000.0,53.3813495,-6.068222924306561,3.0,2.0,128.0
500000.0,53.2922794,-6.1360079,3.0,2.0,9.0
295000.0,53.5943456,-2.5871991,2.0,1.0,57.0
375000.0,53.3764404,-6.37132710683112,3.0,1.0,104.0
255000.0,53.3255602,-6.300137,3.0,1.0,74.0
235000.0,53.3434829,-6.3388425,2.0,1.0,62.0
395000.0,53.3801975,-6.1751462,3.0,1.0,76.0
1200000.0,53.3291706,-6.2674353,9.0,2.0,204.0
495000.0,53.364469150000005,-6.158023972147726,3.0,1.0,108.0
250000.0,53.3971578,-6.2454723,2.0,2.0,68.0
265000.0,53.3233471,-6.4216364,3.0,1.0,73.0
300000.0,53.2838787,-6.3181903,2.0,2.0,111.0
875000.0,52.9134728,-1.5269513,2.0,2.0,110.0
925000.0,52.4961269,-3.3505075,4.0,3.0,169.0
490000.0,48.8555764,2.2702166,2.0,1.0,82.0
325000.0,53.3893213,-6.200352,3.0,1.0,85.0
324950.0,53.3174485,-6.3335771,3.0,1.0,111.0
425000.0,53.3493004,-6.2318653,2.0,2.0,90.0
995000.0,53.32378245,-6.216190328632533,4.0,1.0,173.0
350000.0,53.35817485,-6.237788634801169,3.0,1.0,88.0
335000.0,41.5523285,-80.38160130108507,3.0,2.0,100.0
600000.0,53.3559153,-6.2653344,4.0,2.0,148.0
324950.0,53.3193677,-6.298099902358134,2.0,1.0,111.0
360000.0,53.350961,-6.23531433168335,2.0,2.0,111.0
535000.0,53.5943456,-2.5871991,3.0,3.0,126.0
360000.0,53.3948612,-6.1635775,3.0,1.0,79.0
325000.0,53.4124532,-6.210960816843228,3.0,2.0,97.0
365000.0,34.9249664,135.7988703,2.0,1.0,60.0
1795000.0,53.2812377,-6.1231083,5.0,4.0,236.0
475000.0,53.3358929,-6.2805049,3.0,2.0,83.0
625000.0,53.2888378,-6.198343,3.0,1.0,118.0
475000.0,53.32799985,-6.220962401377369,2.0,1.0,74.0
320000.0,53.3502798,-6.2901806,2.0,1.0,111.0
470000.0,35.5085531,-78.33936,2.0,2.0,111.0
320000.0,53.3143623,-6.387999,3.0,2.0,111.0
620000.0,35.033224,-78.910791,6.0,2.0,111.0
410000.0,53.3515118,-6.2830446,2.0,1.0,64.0
250000.0,53.3196819,-6.4075372,3.0,1.0,71.0
370000.0,53.3515118,-6.2830446,2.0,1.0,57.0
925000.0,53.2917651,-6.1649363,5.0,3.0,156.0
225000.0,53.3939695,-6.4009952,3.0,1.0,85.0
1800000.0,53.31434504090909,-6.253621118181818,5.0,2.0,217.0
625000.0,53.37508995,-6.252684013547222,2.0,1.0,100.0
425000.0,53.3610883,-6.2713186,2.0,1.0,111.0
600000.0,53.3448604,-6.2531235,2.0,2.0,111.0
425000.0,-26.0808328,28.1962283,2.0,2.0,77.0
480000.0,42.6161361,21.4188683,3.0,1.0,95.0
625000.0,53.3801975,-6.1751462,3.0,2.0,115.0
580000.0,53.377111,-6.3207167,5.0,4.0,111.0
310000.0,53.3515118,-6.2830446,2.0,1.0,56.0
925000.0,53.3759069,-6.255002284451217,4.0,1.0,116.0
850000.0,53.266813,-6.1838379,3.0,2.0,190.0
365000.0,46.9455428,7.4367477,2.0,1.0,67.0
474950.0,54.4386652,-6.3570789,2.0,1.0,72.0
375000.0,53.2756245,-6.1032043,1.0,1.0,50.0
375000.0,53.350961,-6.23531433168335,3.0,2.0,104.0
265000.0,53.3182143,-6.4060249,2.0,1.0,111.0
269950.0,53.3971578,-6.2454723,2.0,2.0,111.0
230000.0,53.3423203,-6.3488839,2.0,1.0,78.0
3500000.0,48.509465,-101.8851618,4.0,4.0,382.0
215000.0,53.3398257,-6.2775196,2.0,1.0,35.0
525000.0,53.3742476,-6.3939706,3.0,3.0,117.0
575000.0,53.2922794,-6.1360079,2.0,1.0,86.0
575000.0,55.8605229,-4.0216087,3.0,2.0,91.0
450000.0,53.2756245,-6.1032043,1.0,1.0,74.0
795000.0,53.2511317,-6.183697673204383,5.0,3.0,226.0
395000.0,53.2823561,-6.1905353,2.0,2.0,65.0
365000.0,53.3584282,-6.2416181,3.0,1.0,80.0
150000.0,53.2726278,-6.3689226,3.0,2.0,2.0
300000.0,53.2728508,-6.3689222,3.0,2.0,25.0
529950.0,53.2922794,-6.1360079,3.0,2.0,93.0
235000.0,39.95612875,-75.13782579961708,1.0,1.0,45.0
395000.0,53.2891457,-6.2433756,2.0,1.0,65.0
450000.0,53.23944645,-6.118347774145684,4.0,4.0,114.0
450000.0,53.3742919,-6.3970095,3.0,3.0,98.0
395000.0,54.9812653,-1.5978002,2.0,2.0,79.0
395000.0,53.3222706,-6.3262231,3.0,1.0,80.0
625000.0,53.2664787,-6.1428871,3.0,2.0,120.0
395000.0,53.2913666,-6.138757300000009,2.0,2.0,65.0
465000.0,53.37408775,-6.370241057138799,3.0,2.0,84.0
279000.0,53.3410462,-6.3072776,2.0,1.0,111.0
240000.0,53.3868998,-6.3775408,2.0,1.0,111.0
295000.0,52.2040429,0.1042596519933706,2.0,2.0,66.0
625000.0,53.2887024,-6.2894586,4.0,2.0,144.0
549950.0,53.27470215,-6.3333029,5.0,3.0,111.0
475000.0,46.9455428,7.4367477,2.0,2.0,111.0
290000.0,53.3971578,-6.2454723,2.0,2.0,75.0
299950.0,53.3313833,-6.3399741,3.0,2.0,111.0
295000.0,53.36766075,-6.294285267267185,2.0,1.0,111.0
495000.0,-43.4782707,172.5920719074373,3.0,1.0,115.0
350000.0,53.3152255,-6.4012411,3.0,1.0,138.0
415000.0,53.3069128,-6.2038631,2.0,2.0,71.0
545000.0,53.2777995,-6.1664778,2.0,1.0,67.0
400000.0,53.2355191,-6.1933991,2.0,1.0,72.0
780000.0,53.30538125,-6.23774875,3.0,1.0,105.0
395000.0,53.2467137,-6.1351629,2.0,1.0,69.0
550000.0,42.6161361,21.4188683,3.0,2.0,100.0
325000.0,53.3746929,-6.2197423,3.0,1.0,73.0
575000.0,53.3034291,-6.326866,3.0,1.0,111.0
299000.0,53.321136,-6.31072075,2.0,1.0,111.0
745000.0,53.266813,-6.1838379,4.0,1.0,138.0
595000.0,53.3018639,-6.1788342,2.0,2.0,76.0
550000.0,53.2812377,-6.1231083,3.0,2.0,80.0
355000.0,52.4961269,-3.3505075,2.0,2.0,79.0
370000.0,53.3824026,-6.4004825,3.0,2.0,98.0
295000.0,53.42008955,-6.3917177085990895,4.0,3.0,120.0
975000.0,53.2817207,-6.1852461000000005,4.0,3.0,203.0
225000.0,53.3427156,-6.2823097,1.0,1.0,40.0
295000.0,53.42008955,-6.3917177085990895,4.0,3.0,111.0
199950.0,53.3219624,-6.3942689,2.0,2.0,67.0
475000.0,53.4026399,-6.151014,4.0,2.0,138.0
220000.0,53.4012858,-6.1981033,3.0,2.0,93.0
840000.0,53.3263097,-6.2780042,3.0,3.0,140.0
390000.0,53.3971578,-6.2454723,3.0,3.0,82.0
420000.0,53.3881214,-6.4206523,4.0,3.0,133.0
400000.0,53.3863889,-6.4242294,4.0,3.0,145.0
290000.0,53.2853854,-6.3823217,3.0,1.0,79.0
1100000.0,53.2749044,-6.186689058771808,4.0,3.0,155.0
445000.0,53.28772595,-6.227416137880708,2.0,2.0,75.0
295000.0,53.2878314,-6.3622774,3.0,1.0,96.0
400000.0,53.3591832,-6.2806204,3.0,1.0,106.0
2500000.0,53.3858337,-6.0651186,5.0,6.0,400.0
350000.0,53.2742191,-6.3632093,3.0,1.0,88.0
485000.0,53.2747217,-6.1927577,4.0,3.0,119.0
299950.0,54.9812653,-1.5978002,1.0,1.0,111.0
390000.0,53.409771,-6.167790025917851,3.0,3.0,117.0
345000.0,53.3490675,-6.2676845,2.0,1.0,60.0
370000.0,53.40234405,-6.287124616615822,4.0,3.0,116.0
995000.0,53.2955672,-6.167629089247312,4.0,3.0,111.0
495000.0,53.2949855,-6.2572093,3.0,1.0,80.0
835000.0,53.2944597,-6.1782542,4.0,1.0,131.0
99950.0,51.5583221,0.0625729,3.0,2.0,1.0
290000.0,53.3239071,-6.3801884844117644,3.0,1.0,111.0
450000.0,45.37635,-95.678651,3.0,2.0,112.0
500000.0,54.9812653,-1.5978002,3.0,2.0,169.0
345000.0,53.22687495,-6.126407869295875,2.0,2.0,66.0
875000.0,53.2988099,-6.2855388,4.0,4.0,172.0
625000.0,53.3073281,-6.3192687,5.0,1.0,153.0
385000.0,53.2999421,-6.3608091,3.0,2.0,101.0
365000.0,53.22687495,-6.126407869295875,2.0,2.0,84.0
395000.0,53.3118481,-6.2744692,2.0,1.0,76.0
350000.0,53.3934577,-6.1637115,3.0,1.0,76.0
495000.0,53.2768315,-6.1031626,1.0,2.0,69.0
399950.0,53.350961,-6.23531433168335,3.0,1.0,93.0
415000.0,53.3591832,-6.2806204,3.0,2.0,106.0
315000.0,46.9455428,7.4367477,1.0,1.0,47.0
1050000.0,53.29134405,-6.166133853361742,4.0,3.0,160.0
275000.0,53.3118481,-6.2744692,1.0,1.0,45.0
400000.0,53.2922794,-6.1360079,1.0,1.0,67.0
365000.0,53.2922794,-6.1360079,1.0,1.0,66.0
550000.0,53.2922794,-6.1360079,2.0,1.0,66.0
250000.0,53.3018639,-6.1788342,3.0,2.0,41.0
292000.0,53.3951824,-6.3745347,2.0,2.0,83.0
275000.0,53.2699806,-6.3727625,3.0,3.0,88.0
265000.0,53.2944354,-6.4279758,2.0,2.0,68.0
525000.0,53.3263097,-6.2780042,3.0,3.0,100.0
495000.0,53.2747217,-6.1927577,3.0,2.0,115.0
1200000.0,53.3197151,-6.2537238,4.0,2.0,135.0
225000.0,53.3523798,-6.242474071162743,1.0,1.0,47.0
250000.0,53.3404957,-6.280237,1.0,1.0,38.0
264950.0,53.35209025,-6.264920670373549,1.0,1.0,111.0
324950.0,53.3290597,-6.2902356,2.0,1.0,111.0
249950.0,53.3299263,-6.3236515,2.0,1.0,111.0
340000.0,53.3874094,-6.4106036,4.0,1.0,107.0
550000.0,53.38213205,-6.381072799999998,4.0,2.0,123.0
235000.0,-43.4782707,172.5920719074373,2.0,1.0,111.0
290000.0,53.3559153,-6.2653344,2.0,1.0,73.0
775000.0,53.2930913,-6.212117600035562,4.0,2.0,155.0
395000.0,52.4961269,-3.3505075,2.0,3.0,86.0
525000.0,-26.0808328,28.1962283,2.0,2.0,92.0
645000.0,53.2824152,-6.3281788,5.0,3.0,154.0
395000.0,-43.4782707,172.5920719074373,3.0,2.0,91.0
750000.0,53.3669473,-6.1965548,3.0,2.0,140.0
285000.0,53.3423203,-6.3488839,2.0,2.0,77.0
399950.0,53.3173299,-6.3175186,3.0,2.0,111.0
285000.0,53.3801975,-6.1751462,2.0,1.0,65.0
285000.0,53.2861439,-6.381786,3.0,1.0,111.0
320000.0,53.3729581,-6.3624744,2.0,2.0,72.0
240000.0,53.3971578,-6.2454723,2.0,1.0,56.0
250000.0,53.3394963,-6.4129912,3.0,2.0,87.0
270000.0,53.41769185,-6.383791394065022,3.0,3.0,78.0
600000.0,53.3559153,-6.2653344,4.0,2.0,148.0
345000.0,53.28424505,-6.35362959626301,3.0,1.0,80.0
625000.0,53.2838787,-6.3181903,3.0,2.0,128.0
525000.0,53.2790491,-6.2925031,4.0,1.0,111.0
700000.0,53.3167369,-6.2746674,3.0,2.0,117.0
325000.0,51.6781517,-3.1404356,2.0,1.0,62.0
425000.0,53.3757063,-6.2232636,4.0,1.0,91.0
800000.0,53.2756245,-6.1032043,3.0,2.0,124.0
285000.0,53.3522782,-6.222598960741069,1.0,1.0,46.0
295000.0,53.3254926,-6.303572169325092,2.0,2.0,74.0
230000.0,6.7053776,-1.6203458,1.0,1.0,47.0
335000.0,53.3429183,-6.2966614,2.0,2.0,89.0
250000.0,53.3515118,-6.2830446,1.0,1.0,46.0
225000.0,53.3310492,-6.3258732,2.0,1.0,111.0
375000.0,53.2742191,-6.3632093,3.0,3.0,97.0
475000.0,53.3610883,-6.2713186,2.0,1.0,83.0
650000.0,-26.0808328,28.1962283,3.0,1.0,115.0
450000.0,-26.0808328,28.1962283,3.0,2.0,91.0
255000.0,51.7094315,0.2453167,3.0,2.0,111.0
275000.0,53.395198,-6.2213822,4.0,3.0,103.0
295000.0,53.383333,-6.416667,2.0,2.0,111.0
385000.0,53.3999933,-6.258675,3.0,2.0,88.0
395000.0,53.341944,-6.226389,2.0,1.0,57.0
525000.0,53.3662121,-6.2409363,3.0,2.0,114.0
424950.0,40.4562165,-74.4432073,2.0,1.0,111.0
895000.0,53.3610883,-6.2713186,5.0,2.0,263.0
375000.0,53.362066,-6.1861871,1.0,1.0,38.0
239000.0,53.42008955,-6.3917177085990895,2.0,2.0,80.0
265000.0,53.42008955,-6.3917177085990895,3.0,2.0,85.0
225000.0,6.7053776,-1.6203458,1.0,1.0,41.0
1475000.0,53.321946350000005,-6.246832309430172,6.0,6.0,299.0
290000.0,53.3334215,-6.2914261,2.0,1.0,54.0
590000.0,53.3049519,-6.2528048,3.0,2.0,90.0
315000.0,6.7053776,-1.6203458,3.0,2.0,92.0
420000.0,53.3729581,-6.3624744,3.0,2.0,89.0
230000.0,53.3160562,-6.2990949,1.0,1.0,45.0
339950.0,53.3879471,-6.1586546,4.0,1.0,111.0
725000.0,53.2993877,-6.305695038653004,4.0,2.0,111.0
290000.0,53.4104332,-6.4404037,2.0,2.0,69.0
320000.0,52.4961269,-3.3505075,2.0,2.0,80.0
850000.0,53.2756245,-6.1032043,4.0,2.0,120.0
750000.0,53.3291947,-6.2313316,3.0,2.0,96.0
525000.0,53.3629737,-6.2549515,3.0,1.0,82.0
375000.0,53.3669515,-6.2956892,3.0,1.0,111.0
395000.0,53.3037726,-6.1868086,2.0,1.0,62.0
725000.0,53.2891457,-6.2433756,4.0,2.0,138.0
329950.0,53.2282722,-6.247730419852443,2.0,2.0,77.0
375000.0,53.3997887,-6.1452371,3.0,2.0,105.0
2450000.0,53.3291947,-6.2313316,5.0,4.0,269.0
360000.0,53.3410462,-6.3072776,2.0,2.0,85.0
425000.0,53.3018639,-6.1788342,2.0,1.0,82.0
229950.0,53.389167,-6.296944,2.0,2.0,54.0
335000.0,53.3985431,-6.4206177,3.0,3.0,114.0
199950.0,53.2878314,-6.3622774,2.0,1.0,50.0
275000.0,53.2867547,-6.3845136,3.0,1.0,82.0
495000.0,53.3572922,-6.24123455374439,3.0,1.0,86.0
475000.0,53.2326689,-6.120655269054795,3.0,1.0,93.0
595000.0,53.332784,-6.2801322,3.0,2.0,120.0
340000.0,-43.530955,172.6366455,2.0,2.0,78.0
1050000.0,53.33131735,-6.2249314,3.0,3.0,206.0
245000.0,51.7094315,0.2453167,2.0,2.0,90.0
315000.0,53.325037550000005,-6.376929263350597,4.0,2.0,116.0
495000.0,53.3572922,-6.24123455374439,3.0,1.0,86.0
685000.0,51.8483695,-8.3333967,3.0,2.0,92.0
525000.0,53.2881438,-6.3164174,3.0,2.0,104.0
895000.0,53.34012515,-6.242371230396051,3.0,3.0,151.0
950000.0,-26.0808328,28.1962283,5.0,3.0,260.0
225000.0,53.4124532,-6.210960816843228,2.0,1.0,57.0
395000.0,34.9668055,135.77067,2.0,1.0,89.0
325000.0,53.3680988,-6.2554727,1.0,2.0,78.0
340000.0,53.3875585,-6.2429699,3.0,2.0,92.0
3950000.0,53.2988099,-6.2855388,7.0,10.0,740.0
695000.0,53.2988099,-6.2855388,4.0,2.0,139.0
245000.0,25.7824746,-80.1906637,2.0,2.0,80.0
580000.0,53.34553825,-6.237786717893196,2.0,2.0,74.0
180000.0,53.3868998,-6.3775408,1.0,1.0,42.0
695000.0,53.3886787,-6.13056425,4.0,2.0,137.0
495000.0,53.42942565,-6.381511008420874,3.0,3.0,195.0
250000.0,53.4104332,-6.4404037,2.0,1.0,70.0
395000.0,35.5085531,-78.33936,2.0,2.0,81.0
320000.0,53.3306629,-6.2900965,2.0,1.0,77.0
495000.0,53.3823665,-6.2001058,3.0,1.0,115.0
365000.0,42.6161361,21.4188683,3.0,2.0,104.0
845000.0,53.2927477,-6.2293398,5.0,3.0,140.0
295000.0,53.4221634,-6.3889879,3.0,2.0,111.0
394950.0,53.2747217,-6.1927577,2.0,2.0,80.0
325000.0,53.3610883,-6.2713186,1.0,1.0,66.0
370000.0,54.9812653,-1.5978002,3.0,2.0,96.0
865000.0,53.2895088,-6.174036155714102,4.0,4.0,174.0
399950.0,53.3200353,-6.3289905,3.0,1.0,111.0
395000.0,53.3028182,-6.2066644,2.0,1.0,73.0
375000.0,54.9812653,-1.5978002,3.0,2.0,100.0
249000.0,53.27680745,-6.3903513,3.0,1.0,88.0
850000.0,53.3680988,-6.2554727,9.0,6.0,227.0
545000.0,53.32799985,-6.220962401377369,2.0,1.0,58.0
525000.0,53.2705921,-6.3284704,4.0,3.0,129.0
224950.0,53.2502194,-1.3747428,1.0,1.0,111.0
249950.0,42.3087187,-83.1464262,1.0,1.0,47.0
550000.0,53.267911,-6.218642699999999,3.0,2.0,88.0
299950.0,53.3304646,-6.3034763,3.0,1.0,111.0
535000.0,53.2672496,-6.227053716164921,3.0,2.0,117.0
300000.0,-43.530955,172.6366455,2.0,1.0,45.0
795000.0,30.51216325,-100.53841807826248,3.0,2.0,150.0
1700000.0,53.3177367,-6.2357556,5.0,3.0,225.0
415000.0,45.37635,-95.678651,1.0,1.0,58.0
795000.0,53.30197855,-6.263131550000001,4.0,3.0,159.0
285000.0,53.2705921,-6.3284704,3.0,2.0,82.0
1750000.0,48.8555764,2.2702166,4.0,1.0,196.0
395000.0,41.7697883,12.6586082,3.0,1.0,93.0
325000.0,53.3569956,-6.2511301,2.0,2.0,78.0
1150000.0,53.2756245,-6.1032043,4.0,3.0,191.0
260000.0,53.34887985,-6.369465313055168,3.0,1.0,74.0
495000.0,53.2759746,-6.1014052,1.0,2.0,76.0
795000.0,53.3265199,-6.2648571,3.0,3.0,100.0
525000.0,46.9455428,7.4367477,3.0,3.0,110.0
725000.0,53.2988099,-6.2855388,4.0,2.0,129.0
320000.0,52.4961269,-3.3505075,2.0,2.0,71.0
524950.0,53.29500899999999,-6.241091640877164,3.0,2.0,117.0
850000.0,53.2756245,-6.1032043,3.0,2.0,5.0
395000.0,53.36513255,-6.237583648420318,3.0,1.0,111.0
298000.0,53.3474743,-6.3084638,1.0,1.0,50.0
270000.0,53.27927695,-6.4082310315189535,3.0,1.0,111.0
185000.0,53.3374823,-6.3791371,1.0,1.0,51.0
245000.0,53.3935283,-6.3732979,2.0,2.0,75.0
290000.0,53.378074,-6.3286407,2.0,2.0,75.0
275000.0,53.3971578,-6.2454723,2.0,2.0,111.0
1225000.0,53.2914748,-6.1315491,10.0,10.0,280.0
475000.0,53.2630867,-6.1481649,3.0,1.0,87.0
895000.0,53.3018639,-6.1788342,3.0,2.0,112.0
950000.0,53.2988099,-6.2855388,4.0,3.0,111.0
325000.0,53.32694025,-6.379112846889772,3.0,1.0,76.0
285000.0,53.3291947,-6.2313316,1.0,1.0,34.0
445000.0,54.9812653,-1.5978002,3.0,3.0,87.0
725000.0,53.3793672,-6.1794377,5.0,2.0,136.0
385000.0,53.3610883,-6.2713186,2.0,1.0,62.0
235000.0,6.7053776,-1.6203458,1.0,1.0,49.0
275000.0,53.34733045,-6.295051072250311,1.0,1.0,50.0
485000.0,40.4562165,-74.4432073,2.0,2.0,89.0
595000.0,53.3771683,-6.3856051,3.0,3.0,96.0
525000.0,53.341944,-6.226389,2.0,2.0,80.0
725000.0,53.29653045,-6.2143718788855935,3.0,2.0,105.0
424950.0,40.4562165,-74.4432073,2.0,1.0,111.0
450000.0,53.3017532,-6.29633,2.0,2.0,75.0
210000.0,53.3410462,-6.3072776,1.0,1.0,41.0
349950.0,53.3515118,-6.2830446,2.0,1.0,111.0
195000.0,53.4104332,-6.4404037,1.0,1.0,51.0
735000.0,53.3524881,-6.256645689721826,10.0,10.0,372.0
425000.0,53.2891457,-6.2433756,2.0,2.0,67.0
450000.0,51.2916568,-0.8600879,2.0,1.0,73.0
415000.0,52.67959755,-7.066966131501799,2.0,1.0,65.0
595000.0,-43.4782707,172.5920719074373,4.0,1.0,118.0
295000.0,53.3828985,-6.1499322,3.0,1.0,74.0
1450000.0,45.4258616,-75.4310808,8.0,6.0,111.0
1450000.0,53.3018639,-6.1788342,4.0,2.0,280.0
585000.0,53.3801975,-6.1751462,4.0,2.0,122.0
650000.0,53.2705921,-6.3284704,4.0,3.0,111.0
325000.0,53.416668,-6.3841248,4.0,2.0,111.0
395000.0,53.2612843,-6.1505691,2.0,2.0,81.0
625000.0,53.3727798,-6.2049747,3.0,3.0,121.0
1000000.0,53.2988099,-6.2855388,6.0,3.0,339.0
345000.0,53.3291947,-6.2313316,1.0,1.0,40.0
285000.0,51.5141658,-0.1705861,1.0,1.0,55.0
460000.0,45.4258616,-75.4310808,3.0,1.0,100.0
260000.0,53.389167,-6.296944,2.0,2.0,76.0
385000.0,53.3893213,-6.200352,3.0,2.0,110.0
450000.0,53.3055697,-6.2368608,2.0,1.0,71.0
245000.0,53.3410462,-6.3072776,1.0,1.0,42.0
425000.0,53.4039167,-6.1580851,3.0,2.0,140.0
795000.0,51.4872347,-0.1861791,3.0,3.0,138.0
500000.0,53.2922794,-6.1360079,3.0,2.0,92.0
615000.0,53.2838787,-6.3181903,4.0,2.0,135.0
895000.0,53.25005185,-6.206174303303277,4.0,3.0,200.0
375000.0,54.9812653,-1.5978002,2.0,2.0,63.0
895000.0,53.29465935,-6.196889950000002,4.0,2.0,140.0
875000.0,53.3778648,-6.359829,4.0,3.0,149.0
375000.0,53.2988099,-6.2855388,2.0,1.0,111.0
365000.0,53.3531638,-6.2347654,2.0,1.0,68.0
225000.0,44.4096788,-95.4105611,2.0,2.0,66.0
350000.0,53.2741666,-6.4065473,3.0,2.0,3.0
425000.0,53.33923515,-6.226220893999821,2.0,1.0,73.0
425000.0,53.3893269,-6.2443959945920735,3.0,1.0,100.0
695000.0,53.3729581,-6.3624744,4.0,2.0,127.0
235000.0,55.9504009,-3.1858426,1.0,1.0,111.0
795000.0,53.3596637,-6.1994146,4.0,2.0,153.0
445000.0,53.3099564,-6.2631069,2.0,1.0,71.0
260000.0,53.389167,-6.296944,2.0,2.0,67.0
575000.0,53.2838787,-6.3181903,4.0,3.0,1636.0
349950.0,51.5279838,-0.0833863,2.0,2.0,111.0
1500000.0,48.8555764,2.2702166,3.0,3.0,200.0
295000.0,53.28126215,-6.353399877559268,3.0,1.0,111.0
1650000.0,53.3291947,-6.2313316,5.0,3.0,300.0
280000.0,53.35327404,-6.28190304,2.0,1.0,40.0
350000.0,45.37635,-95.678651,2.0,1.0,69.0
795000.0,53.2511317,-6.183697673204383,5.0,4.0,111.0
425000.0,53.2988099,-6.2855388,2.0,1.0,70.0
235000.0,53.29807105,-6.345340553428194,3.0,1.0,111.0
335000.0,48.8555764,2.2702166,1.0,1.0,50.0
375000.0,53.3680988,-6.2554727,2.0,2.0,71.0
250000.0,53.3971578,-6.2454723,2.0,2.0,65.0
295000.0,53.3483416,-6.278318910334861,1.0,1.0,60.0
350000.0,53.350961,-6.23531433168335,3.0,1.0,92.0
485000.0,53.39868835,-6.143327492080896,3.0,1.0,102.0
310000.0,34.9668055,135.77067,4.0,2.0,87.0
250000.0,53.3423203,-6.3488839,2.0,1.0,66.0
475000.0,6.7053776,-1.6203458,3.0,3.0,115.0
285000.0,53.28555415,-6.350287100000001,3.0,1.0,88.0
365000.0,53.2890582,-6.358213583168933,3.0,2.0,89.0
895000.0,-43.4782707,172.5920719074373,3.0,2.0,149.0
300000.0,53.383333,-6.416667,3.0,3.0,94.0
715000.0,53.3820128,-6.373909190098866,4.0,2.0,210.0
375000.0,53.3690478,-6.2997927,2.0,1.0,78.0
230000.0,53.3160562,-6.2990949,1.0,1.0,47.0
255000.0,53.3222056,-6.4029512,3.0,1.0,63.0
249000.0,53.2865216,-6.398593,3.0,2.0,98.0
309950.0,53.2612843,-6.1505691,2.0,1.0,64.0
249950.0,53.3267691,-6.30464095,2.0,1.0,111.0
495000.0,53.3031046,-6.368567,6.0,3.0,153.0
425000.0,53.3727798,-6.2049747,3.0,1.0,95.0
249950.0,53.3377387,-6.2900984,2.0,1.0,111.0
1580000.0,53.3291947,-6.2313316,4.0,2.0,256.0
370000.0,53.4104332,-6.4404037,3.0,3.0,102.0
415000.0,53.2891457,-6.2433756,2.0,2.0,65.0
375000.0,53.2988099,-6.2855388,2.0,2.0,70.0
430000.0,53.3398189,-6.2381879,2.0,2.0,60.0
475000.0,53.3680988,-6.2554727,3.0,3.0,88.0
825000.0,53.26530205,-6.169058245424594,4.0,3.0,160.0
400000.0,51.7094315,0.2453167,3.0,3.0,111.0
525000.0,52.67959755,-7.066966131501799,3.0,2.0,116.0
515000.0,53.29259875,-6.160050651371132,2.0,1.0,62.0
274950.0,53.42008955,-6.3917177085990895,3.0,3.0,111.0
315000.0,51.8483695,-8.3333967,1.0,1.0,46.0
269000.0,53.3215533,-6.4201654,3.0,1.0,76.0
795000.0,53.3291947,-6.2313316,4.0,2.0,112.0
375000.0,53.315207,-6.311170821997228,2.0,1.0,111.0
245000.0,45.37635,-95.678651,1.0,1.0,44.0
295000.0,40.9997133,-73.8208156,2.0,1.0,57.0
795000.0,53.3105422,-6.2073543,4.0,3.0,165.0
995000.0,53.3268527,-6.2573033,4.0,3.0,192.0
265000.0,53.351254350000005,-6.346342594222117,2.0,1.0,52.0
295000.0,6.7053776,-1.6203458,2.0,2.0,111.0
545000.0,53.3708552,-6.3969003,3.0,2.0,104.0
189950.0,53.3971578,-6.2454723,2.0,1.0,111.0
375000.0,53.3392438,-6.225478741129774,2.0,1.0,56.0
285000.0,45.37635,-95.678651,2.0,1.0,70.0
600000.0,-43.4782707,172.5920719074373,4.0,1.0,126.0
2000000.0,53.3858337,-6.0651186,3.0,3.0,164.0
189950.0,53.3394635,-6.3209233,1.0,1.0,42.0
400000.0,53.3575307,-6.2414546,3.0,3.0,96.0
449000.0,53.383333,-6.416667,4.0,3.0,111.0
700000.0,53.2925654,-6.23392615,4.0,1.0,131.0
375000.0,53.3241262,-6.3280381,3.0,1.0,74.0
390000.0,53.356061,-6.2462536,3.0,3.0,110.0
200000.0,53.3246911,-6.3914212,2.0,1.0,111.0
420000.0,53.3887175,-6.2372729,3.0,1.0,111.0
265000.0,53.3255602,-6.300137,2.0,2.0,61.0
249950.0,53.3298625,-6.3274643,3.0,1.0,111.0
395000.0,53.2988099,-6.2855388,2.0,2.0,70.0
645000.0,53.3398189,-6.2381879,2.0,2.0,78.0
399950.0,53.3268685,-6.308937371735538,5.0,1.0,111.0
295000.0,56.073947,-118.3797878,2.0,2.0,68.0
395000.0,53.3291947,-6.2313316,1.0,1.0,43.0
299950.0,53.33167035,-6.323078382613509,3.0,1.0,111.0
285000.0,53.3680988,-6.2554727,1.0,1.0,46.0
2750000.0,48.509465,-101.8851618,6.0,7.0,428.0
195000.0,53.389167,-6.296944,2.0,1.0,111.0
220000.0,53.3299263,-6.3236515,2.0,1.0,111.0
245000.0,53.3160562,-6.2990949,1.0,1.0,46.0
285000.0,-26.0808328,28.1962283,1.0,1.0,43.0
475000.0,54.9812653,-1.5978002,3.0,2.0,144.0
295000.0,53.3948616,-6.2651936,3.0,3.0,103.0
1195000.0,53.29218925,-6.2124827775783285,4.0,4.0,173.0
239000.0,53.389167,-6.296944,2.0,1.0,72.0
395000.0,53.3860244,-6.1954118,3.0,3.0,111.0
275000.0,53.3456249,-6.4012644,3.0,1.0,111.0
235000.0,53.4012302,-6.1501095,2.0,1.0,68.0
374950.0,53.3255177,-6.314675,4.0,2.0,111.0
775000.0,53.29103315,-6.180748910348211,4.0,3.0,120.0
345000.0,6.7053776,-1.6203458,3.0,2.0,110.0
850000.0,53.2988099,-6.2855388,4.0,3.0,197.0
320000.0,53.3380388,-6.2910062,2.0,2.0,60.0
650000.0,41.01129390909091,-74.0255469090909,3.0,2.0,129.0
215000.0,53.389167,-6.296944,2.0,2.0,61.0
199950.0,51.7094315,0.2453167,2.0,2.0,111.0
395000.0,53.3003133,-6.379035,4.0,3.0,152.0
650000.0,53.36747975,-6.240963000000001,3.0,2.0,100.0
245000.0,53.2715807,-6.3691806,2.0,2.0,111.0
340000.0,45.37635,-95.678651,2.0,1.0,66.0
595000.0,53.3111165,-6.2827193,3.0,2.0,97.0
575000.0,53.2705921,-6.3284704,4.0,3.0,188.0
395000.0,53.2890582,-6.358213583168933,3.0,1.0,111.0
815000.0,53.3661432,-6.1929447,3.0,2.0,122.0
315000.0,53.3350175,-6.3151521,3.0,2.0,111.0
435000.0,53.2878314,-6.3622774,4.0,3.0,130.0
330000.0,41.6526284,-83.53287481499518,1.0,1.0,43.0
240000.0,53.3410462,-6.3072776,1.0,1.0,42.0
199000.0,51.0320035,-3.0910594,3.0,1.0,79.0
549000.0,53.4086004,-6.1681197,5.0,4.0,174.0
650000.0,53.2891457,-6.2433756,4.0,3.0,117.0
295000.0,53.3624102,-6.285535249999997,3.0,1.0,80.0
500000.0,-26.0808328,28.1962283,2.0,2.0,87.0
845000.0,53.276235,-6.1073006,3.0,3.0,111.0
295000.0,53.3893213,-6.200352,3.0,1.0,82.0
695000.0,-26.0808328,28.1962283,4.0,1.0,130.0
500000.0,53.2915711,-6.14106395,2.0,1.0,82.0
995000.0,53.3086291,-6.1966518,4.0,1.0,144.0
530000.0,53.3398189,-6.2381879,3.0,2.0,91.0
299995.0,53.3316016,-6.2930167,2.0,1.0,61.0
1350000.0,-26.0808328,28.1962283,4.0,2.0,181.0
1050000.0,53.33131735,-6.2249314,3.0,3.0,206.0
225000.0,51.551824,-0.2609411,1.0,1.0,44.0
249000.0,53.3219624,-6.3942689,3.0,1.0,111.0
450000.0,53.3394635,-6.3209233,3.0,1.0,83.0
245000.0,53.3263097,-6.2780042,1.0,1.0,36.0
875000.0,53.301511,-6.3053114,4.0,3.0,222.0
450000.0,53.272049800000005,-6.332838437569574,3.0,3.0,129.0
440000.0,53.3632106,-6.287078653195042,3.0,2.0,92.0
345000.0,54.9812653,-1.5978002,3.0,2.0,90.0
325000.0,53.2759303,-6.3697305,3.0,2.0,94.0
525000.0,53.3160562,-6.2990949,3.0,1.0,85.0
395000.0,53.3887781,-6.4223908,4.0,3.0,133.0
270000.0,53.400849,-6.2953388,3.0,3.0,111.0
649000.0,52.4961269,-3.3505075,4.0,3.0,111.0
275000.0,53.2854294,-6.3905388,3.0,1.0,111.0
239950.0,53.3971578,-6.2454723,2.0,1.0,111.0
345000.0,53.4085711,-6.1767129,3.0,3.0,144.0
300000.0,41.7697883,12.6586082,3.0,1.0,85.0
280000.0,53.2705921,-6.3284704,2.0,2.0,75.0
199000.0,53.3971578,-6.2454723,2.0,2.0,111.0
649000.0,-43.4782707,172.5920719074373,4.0,2.0,135.0
594950.0,53.2888378,-6.198343,3.0,3.0,111.0
350000.0,53.35700295,-6.241822004010598,2.0,1.0,71.0
274950.0,53.3423203,-6.3488839,2.0,1.0,111.0
250000.0,53.389167,-6.296944,3.0,1.0,102.0
475000.0,53.3716262,-6.3990194,3.0,2.0,84.0
335000.0,53.3801975,-6.1751462,3.0,1.0,114.0
395000.0,35.5085531,-78.33936,2.0,1.0,81.0
395000.0,56.073947,-118.3797878,3.0,2.0,94.0
295000.0,56.073947,-118.3797878,2.0,2.0,111.0
2500000.0,53.2756245,-6.1032043,4.0,4.0,307.0
199000.0,53.3219624,-6.3942689,2.0,1.0,74.0
1499950.0,53.3265199,-6.2648571,8.0,8.0,190.0
950000.0,40.4562165,-74.4432073,3.0,3.0,135.0
179990.0,53.3219624,-6.3942689,1.0,1.0,111.0
495000.0,53.3553815,-6.2345928,3.0,2.0,118.0
435000.0,53.3291947,-6.2313316,2.0,1.0,57.0
340000.0,53.2878314,-6.3622774,3.0,1.0,111.0
335000.0,53.341944,-6.226389,2.0,1.0,65.0
250000.0,53.3610883,-6.2713186,1.0,1.0,46.0
245000.0,53.3680988,-6.2554727,1.0,1.0,55.0
300000.0,6.7053776,-1.6203458,2.0,2.0,80.0
450000.0,53.341944,-6.226389,2.0,1.0,66.0
260000.0,52.6790696,-0.0943469,1.0,1.0,41.0
265000.0,53.279568600000005,-6.401695813548385,5.0,2.0,111.0
490000.0,53.3055697,-6.2368608,2.0,1.0,111.0
345000.0,53.3034331,-6.3559287,3.0,1.0,92.0
475000.0,53.361758,-6.2808236,3.0,1.0,85.0
450000.0,53.2726063,-6.3389385,3.0,3.0,102.0
295000.0,53.3801975,-6.1751462,2.0,1.0,62.0
359950.0,53.2725756,-6.3356139,3.0,3.0,89.0
289000.0,53.2812867,-6.3577199,3.0,1.0,99.0
295000.0,53.276302,-6.141529478340351,3.0,1.0,78.0
595000.0,53.316269,-6.2454581,3.0,2.0,86.0
220000.0,53.383333,-6.416667,3.0,1.0,74.0
475000.0,53.2756245,-6.1032043,2.0,1.0,79.0
300000.0,53.3345695,-6.3245326,3.0,1.0,111.0
495000.0,53.3291947,-6.2313316,2.0,2.0,64.0
795000.0,53.321024625,-6.255273425,3.0,2.0,101.0
295000.0,48.8555764,2.2702166,1.0,1.0,49.0
295000.0,48.8555764,2.2702166,1.0,1.0,49.0
425000.0,53.2511317,-6.183697673204383,2.0,2.0,104.0
475000.0,53.326804,-6.2441586,2.0,1.0,60.0
299950.0,53.2739233,-6.3451643735706345,2.0,3.0,95.0
220000.0,53.4085711,-6.1767129,1.0,1.0,48.0
775000.0,53.3610883,-6.2713186,3.0,3.0,175.0
310000.0,53.2612843,-6.1505691,2.0,2.0,64.0
2500000.0,53.3265199,-6.2648571,3.0,3.0,200.0
250000.0,53.383333,-6.416667,2.0,2.0,78.0
875000.0,48.509465,-101.8851618,4.0,3.0,111.0
1000000.0,53.2282722,-6.247730419852443,5.0,2.0,244.0
740000.0,53.3018639,-6.1788342,4.0,1.0,104.0
285000.0,53.3468773,-6.3457632,2.0,1.0,58.0
400000.0,53.3879323,-6.2336994,3.0,1.0,85.0
375000.0,53.3651448,-6.23698752534965,3.0,1.0,77.0
395000.0,53.3018639,-6.1788342,3.0,2.0,38.0
795000.0,53.3018639,-6.1788342,3.0,2.0,120.0
375000.0,54.9812653,-1.5978002,3.0,2.0,109.0
675000.0,53.38373785,-6.368891749999997,4.0,2.0,145.0
450000.0,53.3680988,-6.2554727,3.0,2.0,98.0
400000.0,53.60096065,-113.54896585550657,2.0,1.0,69.0
299000.0,45.37635,-95.678651,2.0,1.0,58.0
550000.0,53.3729581,-6.3624744,4.0,3.0,111.0
230000.0,53.3948612,-6.1635775,2.0,2.0,65.0
295000.0,54.9812653,-1.5978002,2.0,2.0,75.0
345000.0,53.3299263,-6.3236515,3.0,1.0,80.0
1100000.0,53.3343702,-6.21858299966093,4.0,2.0,137.0
220000.0,53.4004581,-6.2937557,2.0,2.0,61.0
975000.0,53.2813895,-6.113698649999996,4.0,2.0,137.0
330000.0,53.2349696,-6.121564102308153,2.0,1.0,63.0
825000.0,53.3135752,-6.2745671666666665,3.0,2.0,128.0
230000.0,51.7094315,0.2453167,2.0,2.0,111.0
425000.0,53.3202638,-6.3911073,3.0,1.0,98.0
265000.0,51.8750216,-8.3413808,1.0,1.0,50.0
850000.0,53.3118481,-6.2744692,3.0,2.0,112.0
665000.0,53.2682152,-6.146487045273632,4.0,2.0,150.0
440000.0,53.252880950000005,-6.212591099999997,3.0,1.0,84.0
274950.0,53.41769645,-6.383347159602659,3.0,3.0,111.0
219950.0,53.389167,-6.296944,2.0,1.0,111.0
435000.0,53.3932301,-6.129352,3.0,1.0,84.0
385000.0,53.28237845,-6.190918979953344,2.0,2.0,65.0
350000.0,45.37635,-95.678651,2.0,1.0,111.0
495000.0,53.3291947,-6.2313316,2.0,1.0,57.0
550000.0,53.26265695,-6.163252794186456,3.0,1.0,97.0
295000.0,6.7053776,-1.6203458,2.0,2.0,71.0
550000.0,53.373002,-6.221582,3.0,4.0,125.0
450000.0,53.2764266,-6.2528361,3.0,3.0,104.0
495000.0,53.3846748,-6.1500848,3.0,2.0,96.0
850000.0,53.3027269,-6.2684927,4.0,3.0,140.0
375000.0,53.3868998,-6.3775408,6.0,3.0,167.0
389950.0,-43.4782707,172.5920719074373,3.0,1.0,111.0
525000.0,53.3742476,-6.3939706,3.0,3.0,117.0
950000.0,53.3118481,-6.2744692,3.0,3.0,121.0
989000.0,53.3118481,-6.2744692,3.0,3.0,133.0
330000.0,53.4104332,-6.4404037,3.0,3.0,97.0
425000.0,48.509465,-101.8851618,2.0,2.0,61.0
495000.0,53.3920947,-6.245776717727109,4.0,3.0,156.0
349950.0,53.3948612,-6.1635775,3.0,2.0,111.0
289950.0,53.3610883,-6.2713186,2.0,1.0,111.0
220000.0,53.42784585,-6.267277947809934,3.0,1.0,74.0
435000.0,55.8605229,-4.0216087,3.0,1.0,83.0
225000.0,53.41680275,-6.466705510201699,1.0,1.0,45.0
495000.0,53.3610883,-6.2713186,4.0,4.0,117.0
545000.0,53.362650650000006,-6.249912999999999,3.0,2.0,111.0
1300000.0,53.2780047,-6.1803155,7.0,3.0,260.0
310000.0,53.3515118,-6.2830446,2.0,1.0,47.0
475000.0,53.3142302,-6.3016765,2.0,3.0,80.0
625000.0,53.2829356,-6.26946681466952,4.0,1.0,118.0
235000.0,53.3868998,-6.3775408,2.0,2.0,72.0
360000.0,53.33884195,-6.3261600220515,4.0,2.0,85.0
274950.0,53.32497275,-6.31299325,2.0,2.0,111.0
940000.0,53.3265726,-6.2183451,4.0,1.0,127.0
250000.0,53.2878314,-6.3622774,3.0,2.0,84.0
249950.0,53.4228412,-6.3931995,3.0,3.0,111.0
350000.0,53.338727,-6.3243415,3.0,1.0,92.0
149950.0,53.4033907,-6.3904067,1.0,1.0,111.0
1200000.0,53.3394635,-6.3209233,6.0,6.0,202.0
1250000.0,53.2988099,-6.2855388,5.0,3.0,238.0
525000.0,53.3160562,-6.2990949,4.0,3.0,111.0
280000.0,53.3884211,-1.4487678,1.0,1.0,60.0
650000.0,-43.4782707,172.5920719074373,3.0,2.0,111.0
375000.0,53.3971578,-6.2454723,3.0,3.0,88.0
310000.0,53.3201906,-6.376534199999997,3.0,3.0,111.0
315000.0,52.4961269,-3.3505075,2.0,2.0,77.0
575000.0,53.2764266,-6.2528361,3.0,3.0,111.0
190000.0,52.08763785,-2.4526599142271133,1.0,1.0,32.0
224950.0,53.4011271,-6.2951752,2.0,2.0,111.0
685000.0,53.3398189,-6.2381879,2.0,2.0,80.0
325000.0,53.3767158,-6.36654335,2.0,1.0,62.0
485000.0,53.3519082,-6.2359404,3.0,2.0,105.0
395000.0,53.4085711,-6.1767129,3.0,3.0,110.0
470000.0,53.2828385,-6.2965454,2.0,2.0,85.0
560000.0,53.2828385,-6.2965454,3.0,2.0,119.0
595000.0,41.7697883,12.6586082,3.0,2.0,106.0
795000.0,53.3729581,-6.3624744,4.0,3.0,168.0
295000.0,53.3559972,-6.245187,2.0,1.0,86.0
295000.0,53.2808061,-6.3401853,2.0,1.0,69.0
450000.0,45.4258616,-75.4310808,3.0,1.0,111.0
290000.0,6.7053776,-1.6203458,2.0,2.0,111.0
750000.0,53.3291947,-6.2313316,2.0,2.0,97.0
230000.0,53.36966615,-6.373089259877529,2.0,2.0,69.0
395000.0,53.3469467,-6.259063,2.0,1.0,69.0
430000.0,53.3549985,-6.2307946,3.0,2.0,111.0
295000.0,53.3856244,-6.247666821636772,2.0,1.0,75.0
900000.0,53.3263097,-6.2780042,7.0,4.0,218.0
299950.0,53.3299263,-6.3236515,3.0,1.0,111.0
295000.0,53.3801975,-6.1751462,2.0,1.0,60.0
750000.0,53.3621993,-6.250617399999999,10.0,2.0,111.0
1150000.0,53.2932235,-6.211713,4.0,2.0,188.0
280000.0,53.3219624,-6.3942689,3.0,1.0,111.0
400000.0,53.341944,-6.226389,2.0,1.0,76.0
184950.0,53.3948616,-6.2651936,2.0,2.0,111.0
425000.0,53.3487602,-6.3781639,4.0,2.0,138.0
189000.0,25.7824746,-80.1906637,1.0,1.0,111.0
299950.0,53.39732805,-6.404796599139521,3.0,1.0,111.0
375000.0,53.384747,-6.1914272,3.0,1.0,85.0
695000.0,53.2927477,-6.2293398,4.0,3.0,138.0
210000.0,30.0860459,-94.1018461,1.0,1.0,40.0
495000.0,53.2827226,-6.15471715,3.0,1.0,111.0
560000.0,53.26277725,-6.162855817146776,3.0,2.0,118.0
260000.0,53.3515118,-6.2830446,1.0,1.0,56.0
250000.0,53.39582,-6.2587037,3.0,2.0,90.0
1300000.0,53.3291947,-6.2313316,3.0,4.0,141.0
1200000.0,53.3118481,-6.2744692,3.0,3.0,130.0
475000.0,40.4562165,-74.4432073,2.0,2.0,86.0
230000.0,53.4006526,-6.1971533,3.0,1.0,111.0
299950.0,53.3574399,-6.2390974,3.0,1.0,111.0
495000.0,53.2838787,-6.3181903,3.0,4.0,125.0
495000.0,53.3877627,-6.428169,4.0,3.0,142.0
380000.0,53.3891689,-6.2357329,3.0,1.0,81.0
395000.0,53.3891689,-6.2357329,4.0,2.0,120.0
395000.0,53.3515118,-6.2830446,2.0,1.0,72.0
285000.0,53.3515118,-6.2830446,2.0,2.0,58.0
610000.0,53.409771,-6.167790025917851,5.0,4.0,174.0
485000.0,45.4258616,-75.4310808,2.0,2.0,111.0
485000.0,45.4258616,-75.4310808,2.0,2.0,111.0
259950.0,53.4085711,-6.1767129,2.0,2.0,70.0
375000.0,55.8605229,-4.0216087,3.0,1.0,73.0
290000.0,53.338057250000006,-6.389131966648109,3.0,1.0,82.0
375000.0,53.3187243,-6.3240319,3.0,2.0,111.0
395000.0,53.3359597,-6.3006433,3.0,2.0,103.0
725000.0,53.2756245,-6.1032043,1.0,2.0,139.0
295000.0,54.9812653,-1.5978002,1.0,1.0,50.0
575000.0,53.2766964,-6.259067699999999,3.0,1.0,105.0
475000.0,37.4837582,127.0346389,3.0,1.0,88.0
475000.0,53.3676914,-6.2546857,3.0,1.0,109.0
325000.0,53.2890582,-6.358213583168933,3.0,1.0,85.0
324950.0,53.3948967,-6.3022617,3.0,1.0,111.0
375000.0,53.3159596,-6.2968299,3.0,1.0,95.0
385000.0,53.3592162,-6.284755281582953,2.0,1.0,60.0
380000.0,53.4085711,-6.1767129,3.0,3.0,123.0
550000.0,53.2847585,-6.291148196536166,4.0,1.0,137.0
290000.0,53.4085711,-6.1767129,2.0,2.0,70.0
735000.0,53.3793672,-6.1794377,3.0,1.0,118.0
695000.0,53.2954153,-6.2649637,3.0,3.0,159.0
315000.0,53.3893213,-6.200352,3.0,1.0,65.0
525000.0,53.3680988,-6.2554727,4.0,1.0,127.0
1200000.0,48.8555764,2.2702166,8.0,2.0,185.0
2075000.0,53.2553845,-6.11304,4.0,4.0,251.0
350000.0,53.3398257,-6.2775196,2.0,2.0,92.0
375000.0,53.3291947,-6.2313316,1.0,1.0,50.0
595000.0,53.3610883,-6.2713186,3.0,1.0,110.0
595000.0,53.2701216,-6.1461321,3.0,2.0,116.0
645000.0,53.2612843,-6.1505691,4.0,2.0,130.0
325000.0,53.3877252,-6.246779775590822,2.0,1.0,111.0
369000.0,53.27081635,-6.2335554,4.0,1.0,111.0
360000.0,53.2939976,-6.316246316666679,2.0,2.0,62.0
695000.0,53.3680988,-6.2554727,2.0,2.0,137.0
1395000.0,53.3291947,-6.2313316,4.0,4.0,235.0
425000.0,53.3263097,-6.2780042,2.0,1.0,60.0
275000.0,35.5085531,-78.33936,2.0,1.0,111.0
230000.0,53.3423203,-6.3488839,3.0,1.0,111.0
575000.0,53.3729581,-6.3624744,2.0,3.0,111.0
595000.0,53.2759726,-6.2528294,3.0,2.0,130.0
450000.0,53.3729581,-6.3624744,3.0,2.0,111.0
625000.0,45.37635,-95.678651,3.0,3.0,122.0
275000.0,53.3118481,-6.2744692,1.0,1.0,42.0
895000.0,53.3610883,-6.2713186,5.0,5.0,200.0
395000.0,-43.4782707,172.5920719074373,3.0,2.0,74.0
825000.0,48.509465,-101.8851618,3.0,3.0,102.0
300000.0,53.2699806,-6.3727625,3.0,3.0,100.0
430000.0,53.2835141,-6.3374667,3.0,1.0,111.0
550000.0,-26.0808328,28.1962283,4.0,3.0,127.0
845000.0,53.3479155,-6.3451971,4.0,2.0,111.0
230000.0,53.42008955,-6.3917177085990895,3.0,4.0,125.0
175000.0,53.389167,-6.296944,1.0,1.0,56.0
399950.0,53.3299263,-6.3236515,3.0,1.0,111.0
280000.0,53.35209025,-6.264920670373549,1.0,1.0,45.0
620000.0,53.2988099,-6.2855388,4.0,2.0,111.0
349000.0,53.3996642,-6.3097296,3.0,4.0,137.0
625000.0,53.2914228,-6.3017938,3.0,2.0,130.0
795000.0,53.3098648,-6.2991794,4.0,2.0,136.0
995000.0,53.32799985,-6.220962401377369,2.0,2.0,121.0
725000.0,53.3118481,-6.2744692,3.0,2.0,98.0
485000.0,53.3063016,-6.3646463,4.0,2.0,132.0
375000.0,53.3992645,-6.1512065,3.0,3.0,124.0
450000.0,54.9812653,-1.5978002,3.0,1.0,88.0
2250000.0,53.3216469,-6.2467921,4.0,4.0,310.0
795000.0,53.28869445,-6.13859465,5.0,2.0,167.0
199950.0,51.7094315,0.2453167,1.0,1.0,111.0
299950.0,52.67959755,-7.066966131501799,1.0,1.0,47.0
364950.0,47.67269635,-122.12992754819768,2.0,1.0,111.0
275000.0,53.389167,-6.296944,4.0,2.0,100.0
365000.0,53.2890582,-6.358213583168933,3.0,2.0,93.0
450000.0,53.330214,-6.401686260762332,5.0,3.0,179.0
349950.0,51.6781517,-3.1404356,2.0,1.0,111.0
309950.0,53.274458,-6.3658655045931525,3.0,1.0,111.0
249000.0,53.389167,-6.296944,3.0,1.0,77.0
495000.0,53.2705921,-6.3284704,4.0,3.0,132.0
650000.0,53.2988099,-6.2855388,2.0,2.0,121.0
695000.0,53.2991211,-6.2852334,3.0,1.0,160.0
245000.0,53.3516392,-6.275397009924701,1.0,1.0,43.0
1295000.0,53.3860052,-6.0964886,6.0,5.0,268.0
299000.0,-27.5071036,153.110064,2.0,2.0,55.0
429000.0,51.3367349,0.7253007,3.0,2.0,90.0
535000.0,-26.0808328,28.1962283,3.0,2.0,95.0
225000.0,6.7053776,-1.6203458,1.0,1.0,45.0
295000.0,53.28319515,-6.350669821388891,3.0,2.0,92.0
595000.0,53.3868998,-6.3775408,5.0,5.0,111.0
339950.0,53.32351385,-6.309833681313507,3.0,1.0,111.0
239950.0,53.370138,-6.295904561168243,2.0,2.0,60.0
750000.0,53.3650496,-6.1879261,4.0,1.0,116.0
420000.0,53.3280111,-6.303718449999998,3.0,2.0,100.0
425000.0,53.3265199,-6.2648571,2.0,1.0,111.0
380000.0,53.2799176,-6.3253985,2.0,1.0,82.0
525000.0,53.2278601,-6.1223003,3.0,1.0,105.0
275000.0,53.2878314,-6.3622774,2.0,2.0,107.0
335000.0,53.2988099,-6.2855388,3.0,1.0,80.0
235000.0,53.3971578,-6.2454723,2.0,1.0,70.0
410000.0,46.500886,-63.5884517,2.0,2.0,111.0
325000.0,53.3410462,-6.3072776,2.0,2.0,75.0
525000.0,53.38143455,-6.246925099334277,3.0,1.0,98.0
700000.0,53.3073281,-6.3192687,3.0,2.0,2.0
1450000.0,48.8555764,2.2702166,5.0,3.0,246.0
1450000.0,48.8555764,2.2702166,5.0,2.0,265.0
375000.0,42.6161361,21.4188683,3.0,1.0,105.0
295000.0,53.3889847,-6.2832159,2.0,1.0,93.0
180000.0,53.3553322,-6.2516822,1.0,1.0,32.0
315000.0,53.331282900000005,-6.250160835126174,1.0,1.0,49.0
1250000.0,48.509465,-101.8851618,3.0,3.0,154.0
315000.0,46.9455428,7.4367477,1.0,1.0,54.0
349950.0,53.3949756,-6.1591793,3.0,1.0,111.0
299950.0,53.3893213,-6.200352,3.0,1.0,111.0
320000.0,51.8750216,-8.3413808,2.0,2.0,111.0
275000.0,53.3375915,-6.3300044,3.0,2.0,117.0
320000.0,52.4961269,-3.3505075,2.0,1.0,69.0
224950.0,53.3948616,-6.2651936,4.0,1.0,111.0
450000.0,53.3933339,-6.3670822,3.0,3.0,130.0
2850000.0,51.8483695,-8.3333967,6.0,5.0,433.0
495000.0,53.2890582,-6.358213583168933,3.0,2.0,118.0
975000.0,53.3291947,-6.2313316,4.0,3.0,188.0
1050000.0,53.29700515,-6.187014588900492,4.0,2.0,165.0
2950000.0,53.3086291,-6.1966518,5.0,4.0,455.0
375000.0,53.3860651,-6.0653482,2.0,1.0,64.0
975000.0,53.3055697,-6.2368608,2.0,1.0,80.0
680000.0,53.3055697,-6.2368608,2.0,1.0,80.0
1675000.0,53.3291947,-6.2313316,6.0,3.0,290.0
1245000.0,53.32799985,-6.220962401377369,3.0,3.0,166.0
675000.0,53.2944597,-6.1782542,3.0,1.0,120.0
415000.0,53.2878314,-6.3622774,3.0,2.0,111.0
210000.0,53.383333,-6.416667,2.0,2.0,111.0
895000.0,53.3018639,-6.1788342,4.0,2.0,150.0
240000.0,53.3971578,-6.2454723,2.0,2.0,111.0
229000.0,53.3219624,-6.3942689,2.0,1.0,111.0
375000.0,53.28504485,-6.12585805,1.0,1.0,37.0
2950000.0,53.3086291,-6.1966518,5.0,4.0,455.0
595000.0,40.4562165,-74.4432073,2.0,2.0,90.0
430000.0,53.3566914,-6.2409766,3.0,1.0,83.0
249950.0,53.389167,-6.296944,2.0,2.0,111.0
275000.0,44.4096788,-95.4105611,2.0,2.0,78.0
230000.0,53.2878314,-6.3622774,2.0,2.0,111.0
250000.0,53.3572047,-6.2581216,2.0,1.0,111.0
494950.0,53.3018639,-6.1788342,3.0,2.0,111.0
549000.0,53.3612774,-6.2727111,4.0,2.0,127.0
239000.0,53.4050212,-6.2904717,3.0,2.0,95.0
219000.0,41.828439018458106,-71.45380340003155,1.0,1.0,111.0
445000.0,53.2536623,-6.127931,4.0,2.0,97.0
260000.0,53.389167,-6.296944,2.0,2.0,73.0
425000.0,53.3513523,-6.3694268,4.0,1.0,151.0
520000.0,53.2838787,-6.3181903,4.0,3.0,122.0
675000.0,53.3676501,-6.240278579080783,3.0,2.0,131.0
215000.0,52.1535955,1.0537877767908912,1.0,1.0,111.0
475000.0,53.2812377,-6.1231083,2.0,2.0,68.0
285000.0,35.5085531,-78.33936,2.0,1.0,111.0
445000.0,53.3410462,-6.3072776,3.0,2.0,90.0
330000.0,53.3703832,-6.291675024133019,4.0,2.0,90.0
325000.0,53.2506316,-6.143518570936395,2.0,2.0,70.0
1850000.0,53.2045929,-6.123134772270237,4.0,4.0,367.0
350000.0,53.3801975,-6.1751462,2.0,2.0,62.0
325000.0,53.2878512,-6.24577,1.0,1.0,59.0
375000.0,53.3372335,-6.2500708,1.0,1.0,57.0
695000.0,53.34521535,-6.237371404360211,3.0,2.0,103.0
300000.0,53.32698875,-6.382684684925566,3.0,2.0,111.0
165000.0,53.389167,-6.296944,1.0,1.0,45.0
1195000.0,53.3572123,-6.26804,9.0,8.0,315.0
259000.0,53.4085711,-6.1767129,2.0,2.0,69.0
795000.0,40.4562165,-74.4432073,3.0,3.0,142.0
274950.0,53.3343231,-6.3128075,2.0,1.0,111.0
215000.0,25.7824746,-80.1906637,2.0,2.0,111.0
160000.0,56.073947,-118.3797878,3.0,2.0,25.0
740000.0,53.38288395,-6.365193200008841,5.0,2.0,111.0
395000.0,53.3628938,-6.2539052,2.0,1.0,52.0
635000.0,42.6161361,21.4188683,3.0,2.0,142.0
425000.0,30.0860459,-94.1018461,3.0,2.0,82.0
245000.0,53.380004,-6.3979347,2.0,2.0,111.0
1250000.0,53.2875696,-6.130045,4.0,2.0,169.0
285000.0,53.3554928,-6.257631491466562,2.0,1.0,69.0
649950.0,53.3293281,-6.3012682,4.0,3.0,111.0
225000.0,53.3375915,-6.3300044,2.0,1.0,71.0
295000.0,53.3837871,-6.3140154,3.0,2.0,8.0
199000.0,53.3366068,-6.3289424,2.0,1.0,55.0
295000.0,53.3837871,-6.3140154,3.0,1.0,111.0
895000.0,53.27149725,-6.127746185463941,4.0,2.0,182.0
895000.0,53.277944,-6.102613273870334,3.0,2.0,98.0
4250000.0,53.2553845,-6.11304,5.0,3.0,415.0
275000.0,53.3971578,-6.2454723,2.0,2.0,111.0
290000.0,53.42008955,-6.3917177085990895,4.0,3.0,111.0
295000.0,53.2464306,-6.143359895009375,2.0,2.0,63.0
315000.0,53.3330689,-6.2752402,2.0,1.0,60.0
375000.0,53.2891457,-6.2433756,1.0,1.0,60.0
395000.0,53.3610883,-6.2713186,2.0,2.0,59.0
550000.0,-26.0808328,28.1962283,2.0,1.0,85.0
375000.0,42.6161361,21.4188683,3.0,3.0,97.0
239000.0,53.3664888,-6.3053146,1.0,1.0,42.0
275000.0,53.335572,-6.3299496,2.0,1.0,111.0
325000.0,53.3299263,-6.3236515,3.0,1.0,111.0
795000.0,53.2624671,-6.133145,5.0,3.0,190.0
395000.0,53.299731,-6.2858086,2.0,1.0,62.0
270000.0,53.3153249,-6.4017661,2.0,1.0,59.0
260000.0,53.290655,-6.3846671,3.0,1.0,111.0
215000.0,42.548466,-82.874217,1.0,1.0,41.0
275000.0,45.37635,-95.678651,1.0,1.0,47.0
547500.0,53.32799985,-6.220962401377369,2.0,2.0,90.0
290000.0,53.3082143,-6.4068216,3.0,2.0,105.0
1200000.0,53.2988099,-6.2855388,5.0,2.0,257.0
735000.0,53.3346706,-6.2662243,3.0,3.0,142.0
450000.0,53.351643,-6.3477933,3.0,2.0,94.0
475000.0,35.5085531,-78.33936,4.0,3.0,110.0
995000.0,53.2747217,-6.1927577,5.0,4.0,267.0
495000.0,53.3410462,-6.3072776,2.0,3.0,118.0
295000.0,53.341944,-6.226389,2.0,1.0,43.0
249950.0,53.3971578,-6.2454723,2.0,2.0,111.0
435000.0,53.3018639,-6.1788342,2.0,2.0,72.0
485000.0,53.2927477,-6.2293398,2.0,2.0,94.0
249950.0,53.4104332,-6.4404037,2.0,2.0,111.0
295000.0,53.2845841,-6.3828419,3.0,2.0,85.0
315000.0,53.27857335,-6.387316600000007,4.0,3.0,115.0
195000.0,-43.4782707,172.5920719074373,2.0,2.0,61.0
495000.0,53.31110195,-6.282279798722576,2.0,1.0,47.0
2150000.0,51.6771315,-8.5242855,4.0,5.0,319.0
525000.0,46.9455428,7.4367477,2.0,2.0,102.0
399000.0,53.2700544,-6.3317825,3.0,3.0,126.0
290000.0,42.64377981632653,-71.31805997959184,1.0,1.0,66.0
725000.0,53.3086291,-6.1966518,3.0,2.0,92.0
800000.0,53.389167,-6.296944,5.0,5.0,220.0
575000.0,53.2605155,-6.2183582,3.0,3.0,140.0
285000.0,53.4002236,-6.1503527,3.0,2.0,111.0
360000.0,55.9528635,-3.1145573,1.0,1.0,51.0
394950.0,53.4085711,-6.1767129,3.0,3.0,111.0
395000.0,53.38620465,-6.301045199999998,3.0,2.0,111.0
400000.0,53.3215013,-6.31689055,3.0,2.0,116.0
265000.0,53.3152255,-6.4012411,2.0,1.0,111.0
1100000.0,53.33109275,-6.224647949999996,3.0,3.0,196.0
295000.0,54.9812653,-1.5978002,2.0,2.0,91.0
865000.0,53.32799985,-6.220962401377369,3.0,1.0,144.0
545000.0,53.2880305,-6.3215267,3.0,1.0,102.0
525000.0,53.2626523,-6.216177794453483,3.0,2.0,111.0
595000.0,53.3817598,-6.0694279710559,3.0,1.0,112.0
495000.0,53.3872088,-6.1377899,3.0,1.0,88.0
225000.0,51.5108416,-0.1153549,1.0,1.0,35.0
254950.0,53.389167,-6.296944,3.0,2.0,111.0
595000.0,53.2988099,-6.2855388,4.0,3.0,124.0
995000.0,53.3335925,-6.2197271,3.0,1.0,122.0
375000.0,53.3099564,-6.2631069,2.0,1.0,56.0
295000.0,53.3018639,-6.1788342,1.0,1.0,45.0
320000.0,53.3584282,-6.2416181,2.0,2.0,70.0
274950.0,53.383333,-6.416667,3.0,2.0,111.0
274950.0,53.383333,-6.416667,3.0,2.0,111.0
595000.0,53.28265815,-6.14891923192971,4.0,2.0,143.0
595000.0,53.2922794,-6.1360079,3.0,1.0,107.0
245000.0,37.4718153,-4.4335616,1.0,1.0,47.0
2950000.0,53.3297489,-6.2512636000000015,5.0,2.0,335.0
1100000.0,53.31652905,-6.274271,4.0,4.0,186.0
750000.0,53.3018639,-6.1788342,6.0,4.0,181.0
219000.0,53.389167,-6.296944,2.0,2.0,68.0
325000.0,45.4258616,-75.4310808,2.0,2.0,69.0
275000.0,53.3178494,-6.3043805,2.0,1.0,62.0
245000.0,45.4258616,-75.4310808,1.0,1.0,47.0
475000.0,53.3768332,-6.1850061,3.0,1.0,83.0
499950.0,53.30141175,-6.32659305,3.0,1.0,109.0
750000.0,53.3135572,-6.274103766666666,3.0,4.0,120.0
575000.0,53.2838787,-6.3181903,4.0,2.0,108.0
525000.0,-43.4782707,172.5920719074373,3.0,3.0,108.0
550000.0,43.663523,-79.411706,3.0,3.0,74.0
1000000.0,53.2553845,-6.11304,4.0,3.0,147.0
295000.0,53.352123250000005,-6.233383890387797,2.0,2.0,53.0
350000.0,51.8483695,-8.3333967,2.0,1.0,64.0
360000.0,46.9455428,7.4367477,2.0,2.0,59.0
330000.0,53.3934422,-6.4086369,3.0,2.0,111.0
259950.0,53.2838787,-6.3181903,1.0,1.0,48.0
725000.0,53.2747217,-6.1927577,4.0,3.0,121.0
395000.0,53.299731,-6.2858086,2.0,1.0,58.0
5275000.0,53.352846,-6.2489505,35.0,24.0,111.0
225000.0,51.527688,-0.0586099504536858,1.0,1.0,38.0
1725000.0,53.3554,-6.2660199,10.0,7.0,535.0
1295000.0,53.29018265,-6.146244339765627,4.0,1.0,174.0
385000.0,53.3160562,-6.2990949,3.0,1.0,79.0
995000.0,53.352846,-6.2489505,7.0,4.0,170.0
495000.0,42.6161361,21.4188683,4.0,2.0,149.0
1695000.0,53.3858337,-6.0651186,4.0,3.0,253.0
650000.0,53.2922794,-6.1360079,2.0,1.0,77.0
285000.0,53.35854325,-6.244705200000006,1.0,1.0,111.0
335000.0,53.3099226,-6.3666634,2.0,1.0,72.0
595000.0,53.2915345,-6.156980391277434,2.0,1.0,68.0
1295000.0,53.3018639,-6.1788342,4.0,3.0,207.0
295000.0,53.3134398,-6.405932,3.0,1.0,86.0
1350000.0,53.3322815,-6.222061,3.0,2.0,161.0
295000.0,53.2988099,-6.2855388,1.0,1.0,46.0
220000.0,40.7569558,-111.9020796,1.0,1.0,43.0
1100000.0,53.3318894,-6.2545184,3.0,2.0,149.0
725000.0,53.3609416,-6.1982059,2.0,2.0,128.0
324950.0,53.3290597,-6.2902356,2.0,1.0,111.0
995000.0,45.37635,-95.678651,7.0,2.0,290.0
214950.0,53.389167,-6.296944,2.0,2.0,111.0
220000.0,53.36003504999999,-6.241130814835166,2.0,1.0,36.0
295000.0,53.3951824,-6.3745347,3.0,2.0,111.0
399000.0,53.2878314,-6.3622774,4.0,3.0,125.0
595000.0,53.3618078,-6.2778798,3.0,3.0,102.0
260000.0,53.2806945,-6.408604071543827,3.0,2.0,98.0
375000.0,53.3410462,-6.3072776,2.0,2.0,80.0
350000.0,53.3416756,-6.3154882,2.0,1.0,55.0
1095000.0,53.266813,-6.1838379,5.0,2.0,277.0
7250000.0,53.2756245,-6.1032043,4.0,4.0,384.0
250000.0,47.7121171,1.9411401,2.0,1.0,45.0
900000.0,53.2812377,-6.1231083,4.0,2.0,169.0
6900000.0,53.2756245,-6.1032043,5.0,5.0,655.0
650000.0,-43.4782707,172.5920719074373,4.0,1.0,134.0
1300000.0,53.3291947,-6.2313316,3.0,2.0,111.0
360000.0,54.9812653,-1.5978002,3.0,2.0,111.0
399000.0,53.3801975,-6.1751462,2.0,1.0,78.0
325000.0,53.3029277,-6.3761017,2.0,1.0,51.0
1450000.0,53.3018639,-6.1788342,4.0,4.0,232.0
1150000.0,53.3018639,-6.1788342,4.0,3.0,275.0
244000.0,53.2878314,-6.3622774,2.0,2.0,111.0
315000.0,52.4961269,-3.3505075,2.0,2.0,77.0
1045000.0,53.29447915,-6.20548045300457,4.0,2.0,125.0
1300000.0,53.3193801,-6.2348778,4.0,3.0,138.0
330000.0,7.4929263,-58.7794688,1.0,1.0,61.0
1750000.0,48.8555764,2.2702166,3.0,2.0,215.0
1095000.0,53.2812377,-6.1231083,4.0,3.0,190.0
675000.0,53.3291947,-6.2313316,3.0,2.0,145.0
325000.0,53.2922794,-6.1360079,2.0,1.0,68.0
895000.0,53.3680988,-6.2554727,4.0,3.0,180.0
595000.0,40.4562165,-74.4432073,3.0,1.0,81.0
260000.0,53.3868998,-6.3775408,2.0,2.0,64.0
695000.0,53.2884307,-6.126215011607295,2.0,2.0,85.0
299950.0,53.3255602,-6.300137,2.0,1.0,111.0
260000.0,53.3971578,-6.2454723,2.0,2.0,66.0
895000.0,53.2652666,-6.214030400000006,5.0,3.0,208.0
775000.0,53.26161635,-6.136290970655651,4.0,2.0,111.0
395000.0,53.28981825,-6.243488849999997,2.0,1.0,56.0
375000.0,53.3610883,-6.2713186,2.0,1.0,68.0
275000.0,53.3610883,-6.2713186,2.0,1.0,43.0
399000.0,53.3948612,-6.1635775,4.0,2.0,182.0
239950.0,53.2502194,-1.3747428,1.0,1.0,51.0
745000.0,53.2891203,-6.2073096,4.0,3.0,140.0
2300000.0,53.2922794,-6.1360079,5.0,4.0,367.0
595000.0,53.2900136,-6.312418545229965,4.0,3.0,135.0
825000.0,53.3079789,-6.239809,4.0,2.0,135.0
745000.0,51.6771315,-8.5242855,2.0,3.0,110.0
1425000.0,53.3213677,-6.2629933,3.0,3.0,164.0
280000.0,6.7053776,-1.6203458,2.0,2.0,111.0
350000.0,45.37635,-95.678651,2.0,1.0,66.0
675000.0,53.2553845,-6.11304,4.0,3.0,130.0
825000.0,53.3692087,-6.3957628,4.0,2.0,151.0
295000.0,53.4015041,-6.1423821,2.0,2.0,62.0
295000.0,53.3510298,-6.240045523006135,1.0,2.0,68.0
269950.0,53.389167,-6.296944,3.0,3.0,111.0
650000.0,53.2891457,-6.2433756,2.0,2.0,106.0
525000.0,53.33392605,-6.2515803499627935,2.0,1.0,85.0
499950.0,40.133153,-75.9646642,4.0,3.0,111.0
279000.0,53.3475905,-6.2591013,1.0,1.0,41.0
675000.0,48.509465,-101.8851618,2.0,2.0,103.0
350000.0,44.4096788,-95.4105611,1.0,2.0,111.0
249500.0,53.389167,-6.296944,3.0,1.0,78.0
1350000.0,-26.0808328,28.1962283,5.0,4.0,210.0
1035000.0,53.3010739,-6.315638592641273,4.0,3.0,135.0
315000.0,53.3299263,-6.3236515,3.0,1.0,77.0
695000.0,53.3610883,-6.2713186,3.0,3.0,120.0
250000.0,53.4104332,-6.4404037,2.0,2.0,111.0
450000.0,53.2768069,-6.146722299999995,3.0,1.0,90.0
650000.0,53.2884452,-6.1752756,3.0,1.0,118.0
850000.0,53.26314625,-6.168705021674471,3.0,3.0,240.0
575000.0,53.3160562,-6.2990949,3.0,2.0,114.0
300000.0,53.2764266,-6.2528361,2.0,1.0,56.0
475000.0,53.2767494,-6.1426158,2.0,1.0,86.0
850000.0,53.3200052,-6.2713521,4.0,2.0,169.0
395000.0,42.6161361,21.4188683,3.0,3.0,102.0
350000.0,55.8605229,-4.0216087,3.0,2.0,94.0
259000.0,53.3446418,-6.3917546,3.0,1.0,91.0
625000.0,53.2922794,-6.1360079,3.0,1.0,60.0
295000.0,53.3410462,-6.3072776,2.0,1.0,57.0
325000.0,53.2988099,-6.2855388,1.0,2.0,50.0
450000.0,53.3858337,-6.0651186,3.0,2.0,78.0
450000.0,53.324575,-6.3240652,3.0,1.0,111.0
1695000.0,53.2736327,-6.1037026,5.0,4.0,235.0
575000.0,53.2873015,-6.3219917,3.0,2.0,117.0
295000.0,53.389167,-6.296944,3.0,2.0,111.0
475000.0,53.2878314,-6.3622774,3.0,1.0,103.0
195000.0,53.3118481,-6.2744692,1.0,2.0,25.0
450000.0,51.551824,-0.2609411,3.0,1.0,146.0
425000.0,53.3615691,-6.239119958691914,4.0,2.0,107.0
295000.0,53.389167,-6.296944,3.0,2.0,111.0
385000.0,53.35756855,-6.235719487320779,3.0,1.0,111.0
295000.0,53.3299263,-6.3236515,2.0,1.0,72.0
1800000.0,45.37635,-95.678651,5.0,2.0,198.0
495000.0,53.25263595,-6.211708782107845,3.0,1.0,93.0
579950.0,53.2988099,-6.2855388,4.0,3.0,120.0
550000.0,53.2824477,-6.265194826751593,4.0,2.0,102.0
795000.0,53.2553845,-6.11304,4.0,3.0,150.0
320000.0,53.3933145,-6.4444405,2.0,3.0,97.0
725000.0,53.2682788,-6.225557401538724,4.0,2.0,138.0
445000.0,53.4104332,-6.4404037,4.0,3.0,150.0
335000.0,53.3424673,-6.235832366119473,1.0,1.0,46.0
945000.0,53.32799985,-6.220962401377369,3.0,2.0,125.0
350000.0,53.3334824,-6.326430832768999,3.0,1.0,83.0
1250000.0,53.29172345,-6.239712020352329,5.0,4.0,204.0
3750000.0,53.2891457,-6.2433756,6.0,8.0,111.0
220000.0,53.3971578,-6.2454723,2.0,2.0,60.0
375000.0,53.3995825,-6.393191648989637,3.0,1.0,80.0
400000.0,53.2738675,-6.3606331,3.0,2.0,107.0
375000.0,53.3515118,-6.2830446,2.0,1.0,65.0
349950.0,53.3197446,-6.322117,3.0,1.0,111.0
425000.0,53.3510298,-6.240045523006135,2.0,2.0,81.0
395000.0,53.3910821,-6.2535174,3.0,2.0,88.0
349950.0,39.268113,-84.5229999,3.0,1.0,111.0
275000.0,53.3958303,-6.1285497,2.0,2.0,64.0
645000.0,53.3143623,-6.387999,4.0,2.0,150.0
450000.0,53.4104332,-6.4404037,4.0,3.0,129.0
280000.0,53.3897099,-6.3077351,3.0,1.0,96.0
695000.0,53.3263097,-6.2780042,3.0,1.0,106.0
320000.0,53.4018569,-6.2063249,3.0,1.0,111.0
425000.0,53.3234382,-6.3289285,3.0,2.0,102.0
825000.0,53.2904456,-6.137263725326321,7.0,3.0,239.0
650000.0,53.2922794,-6.1360079,4.0,1.0,146.0
450000.0,53.3398189,-6.2381879,2.0,1.0,59.0
475000.0,53.2890582,-6.358213583168933,3.0,2.0,108.0
385000.0,53.3633453,-6.24739315,3.0,1.0,88.0
450000.0,53.3064989,-6.3605306,4.0,3.0,132.0
585000.0,53.3265199,-6.2648571,3.0,3.0,93.0
229000.0,51.7094315,0.2453167,2.0,2.0,80.0
535000.0,53.3765196,-6.2726936,3.0,2.0,111.0
299000.0,53.29127145,-6.34540541721055,3.0,1.0,111.0
695000.0,53.28544865,-6.270940047541841,4.0,2.0,125.0
495000.0,53.2722257,-6.3321516,4.0,3.0,170.0
395000.0,53.3610883,-6.2713186,3.0,1.0,70.0
550000.0,53.3763436,-6.3075338,3.0,3.0,104.0
390000.0,53.3154028,-6.393455,3.0,2.0,118.0
295000.0,53.4085711,-6.1767129,3.0,3.0,103.0
325000.0,53.39690685,-6.2210895203125,4.0,2.0,91.0
485000.0,53.284894,-6.152065105384615,3.0,2.0,87.0
325000.0,53.3610883,-6.2713186,2.0,1.0,111.0
475000.0,45.4258616,-75.4310808,3.0,1.0,95.0
254950.0,53.3788047,-6.287602,3.0,2.0,111.0
275000.0,53.3149202,-6.406223685403134,3.0,1.0,73.0
349950.0,53.3299263,-6.3236515,2.0,2.0,111.0
250000.0,53.389167,-6.296944,2.0,2.0,88.0
249950.0,53.3155981,-6.302657204918029,2.0,1.0,111.0
425000.0,53.3859537,-6.4134762,4.0,3.0,139.0
3000000.0,53.3291947,-6.2313316,4.0,4.0,261.0
750000.0,53.3297999,-6.274675,3.0,2.0,120.0
